#FILE	NUM_FOUND	(Bla)blaOXA-114	(Bla)blaOXA-243a	AXC	AXC-1	AXC-2	AXC-7	AXY	AxyX	AxyY	CEOB	IncQ1_1	OPRZ	OXA	OXA-114a	OXA-114b	OXA-114c	OXA-114f	OXA-114g	OXA-114h	OXA-114i	OXA-114m	OXA-114r	OXA-243	OprZ	bcrD	blaAXC-1	blaAXC-2	blaAXC-7	blaELC-1	blaELC-2	blaOXA-114a	blaOXA-114a_1	blaOXA-114b	blaOXA-114b_1	blaOXA-114c	blaOXA-114c_1	blaOXA-114f	blaOXA-114f_1	blaOXA-114g	blaOXA-114g_1	blaOXA-114h	blaOXA-114i	blaOXA-114m	blaOXA-114r	blaOXA-243	blaOXA-243_1	bplA	bplB	bplC	brkB	bscN	bscS	ceoB	cheA	cheW	fliN	fliQ
resources/abricate/argannot/P0290_PCD_28022016-0.tsv	0	.	.	.	.	.	.	.	.	.	.	.	.	.	.	.	.	.	.	.	.	.	.	.	.	.	.	.	.	.	.	.	.	.	.	.	.	.	.	.	.	.	.	.	.	.	.	.	.	.	.	.	.	.	.	.	.	.
resources/abricate/argannot/P0290_PCD_28022016-1.tsv	0	.	.	.	.	.	.	.	.	.	.	.	.	.	.	.	.	.	.	.	.	.	.	.	.	.	.	.	.	.	.	.	.	.	.	.	.	.	.	.	.	.	.	.	.	.	.	.	.	.	.	.	.	.	.	.	.	.
resources/abricate/argannot/P0690_PCD_10122023-0.tsv	1	99.52	.	.	.	.	.	.	.	.	.	.	.	.	.	.	.	.	.	.	.	.	.	.	.	.	.	.	.	.	.	.	.	.	.	.	.	.	.	.	.	.	.	.	.	.	.	.	.	.	.	.	.	.	.	.	.	.
resources/abricate/argannot/P0690_PCD_14042023-0.tsv	1	99.52	.	.	.	.	.	.	.	.	.	.	.	.	.	.	.	.	.	.	.	.	.	.	.	.	.	.	.	.	.	.	.	.	.	.	.	.	.	.	.	.	.	.	.	.	.	.	.	.	.	.	.	.	.	.	.	.
resources/abricate/argannot/P0690_PCD_18022022-0.tsv	1	99.52	.	.	.	.	.	.	.	.	.	.	.	.	.	.	.	.	.	.	.	.	.	.	.	.	.	.	.	.	.	.	.	.	.	.	.	.	.	.	.	.	.	.	.	.	.	.	.	.	.	.	.	.	.	.	.	.
resources/abricate/argannot/P0690_PCD_19072024-0.tsv	1	99.52	.	.	.	.	.	.	.	.	.	.	.	.	.	.	.	.	.	.	.	.	.	.	.	.	.	.	.	.	.	.	.	.	.	.	.	.	.	.	.	.	.	.	.	.	.	.	.	.	.	.	.	.	.	.	.	.
resources/abricate/argannot/P0690_PCD_29012021-0.tsv	1	99.52	.	.	.	.	.	.	.	.	.	.	.	.	.	.	.	.	.	.	.	.	.	.	.	.	.	.	.	.	.	.	.	.	.	.	.	.	.	.	.	.	.	.	.	.	.	.	.	.	.	.	.	.	.	.	.	.
resources/abricate/argannot/P0790_PCD_07012022-0.tsv	1	98.31	.	.	.	.	.	.	.	.	.	.	.	.	.	.	.	.	.	.	.	.	.	.	.	.	.	.	.	.	.	.	.	.	.	.	.	.	.	.	.	.	.	.	.	.	.	.	.	.	.	.	.	.	.	.	.	.
resources/abricate/argannot/P0790_PCD_19052020-0.tsv	1	98.31	.	.	.	.	.	.	.	.	.	.	.	.	.	.	.	.	.	.	.	.	.	.	.	.	.	.	.	.	.	.	.	.	.	.	.	.	.	.	.	.	.	.	.	.	.	.	.	.	.	.	.	.	.	.	.	.
resources/abricate/argannot/P0790_PCD_20062024-0.tsv	1	98.31	.	.	.	.	.	.	.	.	.	.	.	.	.	.	.	.	.	.	.	.	.	.	.	.	.	.	.	.	.	.	.	.	.	.	.	.	.	.	.	.	.	.	.	.	.	.	.	.	.	.	.	.	.	.	.	.
resources/abricate/argannot/P0790_PCD_27062022-0.tsv	1	98.31	.	.	.	.	.	.	.	.	.	.	.	.	.	.	.	.	.	.	.	.	.	.	.	.	.	.	.	.	.	.	.	.	.	.	.	.	.	.	.	.	.	.	.	.	.	.	.	.	.	.	.	.	.	.	.	.
resources/abricate/argannot/P0790_PCD_27062022-1.tsv	1	98.31	.	.	.	.	.	.	.	.	.	.	.	.	.	.	.	.	.	.	.	.	.	.	.	.	.	.	.	.	.	.	.	.	.	.	.	.	.	.	.	.	.	.	.	.	.	.	.	.	.	.	.	.	.	.	.	.
resources/abricate/argannot/P0790_PCD_28102024-0.tsv	1	98.31	.	.	.	.	.	.	.	.	.	.	.	.	.	.	.	.	.	.	.	.	.	.	.	.	.	.	.	.	.	.	.	.	.	.	.	.	.	.	.	.	.	.	.	.	.	.	.	.	.	.	.	.	.	.	.	.
resources/abricate/argannot/P0890_PCD_08062021-0.tsv	1	99.52	.	.	.	.	.	.	.	.	.	.	.	.	.	.	.	.	.	.	.	.	.	.	.	.	.	.	.	.	.	.	.	.	.	.	.	.	.	.	.	.	.	.	.	.	.	.	.	.	.	.	.	.	.	.	.	.
resources/abricate/argannot/P0890_PCD_18032022-0.tsv	1	99.52	.	.	.	.	.	.	.	.	.	.	.	.	.	.	.	.	.	.	.	.	.	.	.	.	.	.	.	.	.	.	.	.	.	.	.	.	.	.	.	.	.	.	.	.	.	.	.	.	.	.	.	.	.	.	.	.
resources/abricate/argannot/P0890_PCD_27092023-0.tsv	1	99.52	.	.	.	.	.	.	.	.	.	.	.	.	.	.	.	.	.	.	.	.	.	.	.	.	.	.	.	.	.	.	.	.	.	.	.	.	.	.	.	.	.	.	.	.	.	.	.	.	.	.	.	.	.	.	.	.
resources/abricate/argannot/P0890_PCD_31102022-0.tsv	1	99.52	.	.	.	.	.	.	.	.	.	.	.	.	.	.	.	.	.	.	.	.	.	.	.	.	.	.	.	.	.	.	.	.	.	.	.	.	.	.	.	.	.	.	.	.	.	.	.	.	.	.	.	.	.	.	.	.
resources/abricate/argannot/P0890_PCD_31102022-1.tsv	1	99.52	.	.	.	.	.	.	.	.	.	.	.	.	.	.	.	.	.	.	.	.	.	.	.	.	.	.	.	.	.	.	.	.	.	.	.	.	.	.	.	.	.	.	.	.	.	.	.	.	.	.	.	.	.	.	.	.
resources/abricate/argannot/P1090_PCD_23092021-0.tsv	1	99.03	.	.	.	.	.	.	.	.	.	.	.	.	.	.	.	.	.	.	.	.	.	.	.	.	.	.	.	.	.	.	.	.	.	.	.	.	.	.	.	.	.	.	.	.	.	.	.	.	.	.	.	.	.	.	.	.
resources/abricate/argannot/P1490_PCD_09122016-0.tsv	1	.	96.37	.	.	.	.	.	.	.	.	.	.	.	.	.	.	.	.	.	.	.	.	.	.	.	.	.	.	.	.	.	.	.	.	.	.	.	.	.	.	.	.	.	.	.	.	.	.	.	.	.	.	.	.	.	.	.
resources/abricate/argannot/P1490_PCD_27082020-0.tsv	0	.	.	.	.	.	.	.	.	.	.	.	.	.	.	.	.	.	.	.	.	.	.	.	.	.	.	.	.	.	.	.	.	.	.	.	.	.	.	.	.	.	.	.	.	.	.	.	.	.	.	.	.	.	.	.	.	.
resources/abricate/argannot/P1590_PCD_10012022-0.tsv	0	.	.	.	.	.	.	.	.	.	.	.	.	.	.	.	.	.	.	.	.	.	.	.	.	.	.	.	.	.	.	.	.	.	.	.	.	.	.	.	.	.	.	.	.	.	.	.	.	.	.	.	.	.	.	.	.	.
resources/abricate/argannot/P1890_PCD_04102022-0.tsv	0	.	.	.	.	.	.	.	.	.	.	.	.	.	.	.	.	.	.	.	.	.	.	.	.	.	.	.	.	.	.	.	.	.	.	.	.	.	.	.	.	.	.	.	.	.	.	.	.	.	.	.	.	.	.	.	.	.
resources/abricate/argannot/P1890_PCD_22022022-0.tsv	0	.	.	.	.	.	.	.	.	.	.	.	.	.	.	.	.	.	.	.	.	.	.	.	.	.	.	.	.	.	.	.	.	.	.	.	.	.	.	.	.	.	.	.	.	.	.	.	.	.	.	.	.	.	.	.	.	.
resources/abricate/argannot/P1990_PCD_15032024-0.tsv	0	.	.	.	.	.	.	.	.	.	.	.	.	.	.	.	.	.	.	.	.	.	.	.	.	.	.	.	.	.	.	.	.	.	.	.	.	.	.	.	.	.	.	.	.	.	.	.	.	.	.	.	.	.	.	.	.	.
resources/abricate/argannot/P1990_PCD_24032022-0.tsv	0	.	.	.	.	.	.	.	.	.	.	.	.	.	.	.	.	.	.	.	.	.	.	.	.	.	.	.	.	.	.	.	.	.	.	.	.	.	.	.	.	.	.	.	.	.	.	.	.	.	.	.	.	.	.	.	.	.
resources/abricate/argannot/P1990_PCD_28042023-0.tsv	0	.	.	.	.	.	.	.	.	.	.	.	.	.	.	.	.	.	.	.	.	.	.	.	.	.	.	.	.	.	.	.	.	.	.	.	.	.	.	.	.	.	.	.	.	.	.	.	.	.	.	.	.	.	.	.	.	.
resources/abricate/argannot/P2090_PCD_03082020-0.tsv	1	98.31	.	.	.	.	.	.	.	.	.	.	.	.	.	.	.	.	.	.	.	.	.	.	.	.	.	.	.	.	.	.	.	.	.	.	.	.	.	.	.	.	.	.	.	.	.	.	.	.	.	.	.	.	.	.	.	.
resources/abricate/argannot/P2090_PCD_15032023-0.tsv	1	98.31	.	.	.	.	.	.	.	.	.	.	.	.	.	.	.	.	.	.	.	.	.	.	.	.	.	.	.	.	.	.	.	.	.	.	.	.	.	.	.	.	.	.	.	.	.	.	.	.	.	.	.	.	.	.	.	.
resources/abricate/argannot/P2090_PCD_17012024-0.tsv	1	98.31	.	.	.	.	.	.	.	.	.	.	.	.	.	.	.	.	.	.	.	.	.	.	.	.	.	.	.	.	.	.	.	.	.	.	.	.	.	.	.	.	.	.	.	.	.	.	.	.	.	.	.	.	.	.	.	.
resources/abricate/argannot/P2090_PCD_18012021-0.tsv	1	98.31	.	.	.	.	.	.	.	.	.	.	.	.	.	.	.	.	.	.	.	.	.	.	.	.	.	.	.	.	.	.	.	.	.	.	.	.	.	.	.	.	.	.	.	.	.	.	.	.	.	.	.	.	.	.	.	.
resources/abricate/argannot/P2090_PCD_22032022-0.tsv	1	98.31	.	.	.	.	.	.	.	.	.	.	.	.	.	.	.	.	.	.	.	.	.	.	.	.	.	.	.	.	.	.	.	.	.	.	.	.	.	.	.	.	.	.	.	.	.	.	.	.	.	.	.	.	.	.	.	.
resources/abricate/argannot/P2590_PCD_02022023-0.tsv	1	99.40	.	.	.	.	.	.	.	.	.	.	.	.	.	.	.	.	.	.	.	.	.	.	.	.	.	.	.	.	.	.	.	.	.	.	.	.	.	.	.	.	.	.	.	.	.	.	.	.	.	.	.	.	.	.	.	.
resources/abricate/argannot/P2590_PCD_03072024-0.tsv	1	99.40	.	.	.	.	.	.	.	.	.	.	.	.	.	.	.	.	.	.	.	.	.	.	.	.	.	.	.	.	.	.	.	.	.	.	.	.	.	.	.	.	.	.	.	.	.	.	.	.	.	.	.	.	.	.	.	.
resources/abricate/argannot/P2590_PCD_12072023-0.tsv	1	99.40	.	.	.	.	.	.	.	.	.	.	.	.	.	.	.	.	.	.	.	.	.	.	.	.	.	.	.	.	.	.	.	.	.	.	.	.	.	.	.	.	.	.	.	.	.	.	.	.	.	.	.	.	.	.	.	.
resources/abricate/argannot/P2590_PCD_29102019-0.tsv	1	98.79	.	.	.	.	.	.	.	.	.	.	.	.	.	.	.	.	.	.	.	.	.	.	.	.	.	.	.	.	.	.	.	.	.	.	.	.	.	.	.	.	.	.	.	.	.	.	.	.	.	.	.	.	.	.	.	.
resources/abricate/argannot/P2690_PCD_05112019-0.tsv	1	99.03	.	.	.	.	.	.	.	.	.	.	.	.	.	.	.	.	.	.	.	.	.	.	.	.	.	.	.	.	.	.	.	.	.	.	.	.	.	.	.	.	.	.	.	.	.	.	.	.	.	.	.	.	.	.	.	.
resources/abricate/argannot/P2790_PCD_09062020-0.tsv	1	99.40	.	.	.	.	.	.	.	.	.	.	.	.	.	.	.	.	.	.	.	.	.	.	.	.	.	.	.	.	.	.	.	.	.	.	.	.	.	.	.	.	.	.	.	.	.	.	.	.	.	.	.	.	.	.	.	.
resources/abricate/argannot/P2890_PCD_12062020-0.tsv	1	98.31	.	.	.	.	.	.	.	.	.	.	.	.	.	.	.	.	.	.	.	.	.	.	.	.	.	.	.	.	.	.	.	.	.	.	.	.	.	.	.	.	.	.	.	.	.	.	.	.	.	.	.	.	.	.	.	.
resources/abricate/argannot/P2990_PCD_14072020-0.tsv	1	99.64	.	.	.	.	.	.	.	.	.	.	.	.	.	.	.	.	.	.	.	.	.	.	.	.	.	.	.	.	.	.	.	.	.	.	.	.	.	.	.	.	.	.	.	.	.	.	.	.	.	.	.	.	.	.	.	.
resources/abricate/argannot/P2990_PCD_20012023-0.tsv	1	99.64	.	.	.	.	.	.	.	.	.	.	.	.	.	.	.	.	.	.	.	.	.	.	.	.	.	.	.	.	.	.	.	.	.	.	.	.	.	.	.	.	.	.	.	.	.	.	.	.	.	.	.	.	.	.	.	.
resources/abricate/argannot/P3090_PCD_20072020-0.tsv	1	99.40	.	.	.	.	.	.	.	.	.	.	.	.	.	.	.	.	.	.	.	.	.	.	.	.	.	.	.	.	.	.	.	.	.	.	.	.	.	.	.	.	.	.	.	.	.	.	.	.	.	.	.	.	.	.	.	.
resources/abricate/argannot/P3390_PCD_08032024-0.tsv	1	.	98.31	.	.	.	.	.	.	.	.	.	.	.	.	.	.	.	.	.	.	.	.	.	.	.	.	.	.	.	.	.	.	.	.	.	.	.	.	.	.	.	.	.	.	.	.	.	.	.	.	.	.	.	.	.	.	.
resources/abricate/argannot/P3390_PCD_19082024-0.tsv	0	.	.	.	.	.	.	.	.	.	.	.	.	.	.	.	.	.	.	.	.	.	.	.	.	.	.	.	.	.	.	.	.	.	.	.	.	.	.	.	.	.	.	.	.	.	.	.	.	.	.	.	.	.	.	.	.	.
resources/abricate/argannot/P3390_PCD_30092020-0.tsv	0	.	.	.	.	.	.	.	.	.	.	.	.	.	.	.	.	.	.	.	.	.	.	.	.	.	.	.	.	.	.	.	.	.	.	.	.	.	.	.	.	.	.	.	.	.	.	.	.	.	.	.	.	.	.	.	.	.
resources/abricate/argannot/P3490_PCD_21022022-0.tsv	0	.	.	.	.	.	.	.	.	.	.	.	.	.	.	.	.	.	.	.	.	.	.	.	.	.	.	.	.	.	.	.	.	.	.	.	.	.	.	.	.	.	.	.	.	.	.	.	.	.	.	.	.	.	.	.	.	.
resources/abricate/argannot/P3590_PCD_20052022-0.tsv	0	.	.	.	.	.	.	.	.	.	.	.	.	.	.	.	.	.	.	.	.	.	.	.	.	.	.	.	.	.	.	.	.	.	.	.	.	.	.	.	.	.	.	.	.	.	.	.	.	.	.	.	.	.	.	.	.	.
resources/abricate/argannot/P3890_PCD_24082022-0.tsv	0	.	.	.	.	.	.	.	.	.	.	.	.	.	.	.	.	.	.	.	.	.	.	.	.	.	.	.	.	.	.	.	.	.	.	.	.	.	.	.	.	.	.	.	.	.	.	.	.	.	.	.	.	.	.	.	.	.
resources/abricate/argannot/P4290_PCD_08032024-0.tsv	1	99.28	.	.	.	.	.	.	.	.	.	.	.	.	.	.	.	.	.	.	.	.	.	.	.	.	.	.	.	.	.	.	.	.	.	.	.	.	.	.	.	.	.	.	.	.	.	.	.	.	.	.	.	.	.	.	.	.
resources/abricate/argannot/P4290_PCD_28112022-0.tsv	1	99.28	.	.	.	.	.	.	.	.	.	.	.	.	.	.	.	.	.	.	.	.	.	.	.	.	.	.	.	.	.	.	.	.	.	.	.	.	.	.	.	.	.	.	.	.	.	.	.	.	.	.	.	.	.	.	.	.
resources/abricate/argannot/P5590_PCD_20032024-0.tsv	0	.	.	.	.	.	.	.	.	.	.	.	.	.	.	.	.	.	.	.	.	.	.	.	.	.	.	.	.	.	.	.	.	.	.	.	.	.	.	.	.	.	.	.	.	.	.	.	.	.	.	.	.	.	.	.	.	.
resources/abricate/argannot/P5590_PCD_26072024-0.tsv	0	.	.	.	.	.	.	.	.	.	.	.	.	.	.	.	.	.	.	.	.	.	.	.	.	.	.	.	.	.	.	.	.	.	.	.	.	.	.	.	.	.	.	.	.	.	.	.	.	.	.	.	.	.	.	.	.	.
resources/abricate/argannot/P5690_PCD_11062024-0.tsv	0	.	.	.	.	.	.	.	.	.	.	.	.	.	.	.	.	.	.	.	.	.	.	.	.	.	.	.	.	.	.	.	.	.	.	.	.	.	.	.	.	.	.	.	.	.	.	.	.	.	.	.	.	.	.	.	.	.
resources/abricate/argannot/P5890_PCD_24062024-0.tsv	1	98.43	.	.	.	.	.	.	.	.	.	.	.	.	.	.	.	.	.	.	.	.	.	.	.	.	.	.	.	.	.	.	.	.	.	.	.	.	.	.	.	.	.	.	.	.	.	.	.	.	.	.	.	.	.	.	.	.
resources/abricate/card/P0290_PCD_28022016-0.tsv	4	.	.	.	.	.	.	.	84.66	88.40	.	.	.	.	.	.	.	.	.	.	.	.	.	.	81.14	.	.	.	.	.	.	.	.	.	.	.	.	.	.	.	.	.	.	.	.	.	.	.	.	.	.	.	.	80.54	.	.	.	.
resources/abricate/card/P0290_PCD_28022016-1.tsv	4	.	.	.	.	.	.	.	84.66	88.40	.	.	.	.	.	.	.	.	.	.	.	.	.	.	81.14	.	.	.	.	.	.	.	.	.	.	.	.	.	.	.	.	.	.	.	.	.	.	.	.	.	.	.	.	80.54	.	.	.	.
resources/abricate/card/P0690_PCD_10122023-0.tsv	5	.	.	.	.	.	.	.	94.13	95.83	.	.	.	.	.	100.00	.	.	.	.	.	.	.	.	93.89	.	.	.	.	.	.	.	.	.	.	.	.	.	.	.	.	.	.	.	.	.	.	.	.	.	.	.	.	80.40	.	.	.	.
resources/abricate/card/P0690_PCD_14042023-0.tsv	5	.	.	.	.	.	.	.	94.13	95.83	.	.	.	.	.	100.00	.	.	.	.	.	.	.	.	93.89	.	.	.	.	.	.	.	.	.	.	.	.	.	.	.	.	.	.	.	.	.	.	.	.	.	.	.	.	80.40	.	.	.	.
resources/abricate/card/P0690_PCD_18022022-0.tsv	5	.	.	.	.	.	.	.	94.13	95.83	.	.	.	.	.	100.00	.	.	.	.	.	.	.	.	93.89	.	.	.	.	.	.	.	.	.	.	.	.	.	.	.	.	.	.	.	.	.	.	.	.	.	.	.	.	80.40	.	.	.	.
resources/abricate/card/P0690_PCD_19072024-0.tsv	5	.	.	.	.	.	.	.	94.13	95.83	.	.	.	.	.	100.00	.	.	.	.	.	.	.	.	93.89	.	.	.	.	.	.	.	.	.	.	.	.	.	.	.	.	.	.	.	.	.	.	.	.	.	.	.	.	80.40	.	.	.	.
resources/abricate/card/P0690_PCD_29012021-0.tsv	5	.	.	.	.	.	.	.	94.13	95.83	.	.	.	.	.	100.00	.	.	.	.	.	.	.	.	93.89	.	.	.	.	.	.	.	.	.	.	.	.	.	.	.	.	.	.	.	.	.	.	.	.	.	.	.	.	80.40	.	.	.	.
resources/abricate/card/P0790_PCD_07012022-0.tsv	5	.	.	.	.	.	.	.	94.56	95.63	.	.	.	.	.	.	.	.	99.76	.	.	.	.	.	92.74	.	.	.	.	.	.	.	.	.	.	.	.	.	.	.	.	.	.	.	.	.	.	.	.	.	.	.	.	80.40	.	.	.	.
resources/abricate/card/P0790_PCD_19052020-0.tsv	5	.	.	.	.	.	.	.	94.56	95.63	.	.	.	.	.	.	.	.	99.76	.	.	.	.	.	92.74	.	.	.	.	.	.	.	.	.	.	.	.	.	.	.	.	.	.	.	.	.	.	.	.	.	.	.	.	80.40	.	.	.	.
resources/abricate/card/P0790_PCD_20062024-0.tsv	5	.	.	.	.	.	.	.	94.56	95.63	.	.	.	.	.	.	.	.	99.76	.	.	.	.	.	92.74	.	.	.	.	.	.	.	.	.	.	.	.	.	.	.	.	.	.	.	.	.	.	.	.	.	.	.	.	80.40	.	.	.	.
resources/abricate/card/P0790_PCD_27062022-0.tsv	5	.	.	.	.	.	.	.	94.56	95.63	.	.	.	.	.	.	.	.	99.76	.	.	.	.	.	92.74	.	.	.	.	.	.	.	.	.	.	.	.	.	.	.	.	.	.	.	.	.	.	.	.	.	.	.	.	80.40	.	.	.	.
resources/abricate/card/P0790_PCD_27062022-1.tsv	5	.	.	.	.	.	.	.	94.56	95.63	.	.	.	.	.	.	.	.	99.76	.	.	.	.	.	92.74	.	.	.	.	.	.	.	.	.	.	.	.	.	.	.	.	.	.	.	.	.	.	.	.	.	.	.	.	80.40	.	.	.	.
resources/abricate/card/P0790_PCD_28102024-0.tsv	5	.	.	.	.	.	.	.	94.56	95.63	.	.	.	.	.	.	.	.	99.76	.	.	.	.	.	92.74	.	.	.	.	.	.	.	.	.	.	.	.	.	.	.	.	.	.	.	.	.	.	.	.	.	.	.	.	80.40	.	.	.	.
resources/abricate/card/P0890_PCD_08062021-0.tsv	5	.	.	.	.	.	.	.	94.13	95.89	.	.	.	.	.	99.76	.	.	.	.	.	.	.	.	93.97	.	.	.	.	.	.	.	.	.	.	.	.	.	.	.	.	.	.	.	.	.	.	.	.	.	.	.	.	80.50	.	.	.	.
resources/abricate/card/P0890_PCD_18032022-0.tsv	5	.	.	.	.	.	.	.	94.13	95.89	.	.	.	.	.	99.76	.	.	.	.	.	.	.	.	93.97	.	.	.	.	.	.	.	.	.	.	.	.	.	.	.	.	.	.	.	.	.	.	.	.	.	.	.	.	80.50	.	.	.	.
resources/abricate/card/P0890_PCD_27092023-0.tsv	5	.	.	.	.	.	.	.	94.13	95.89	.	.	.	.	.	99.76	.	.	.	.	.	.	.	.	93.97	.	.	.	.	.	.	.	.	.	.	.	.	.	.	.	.	.	.	.	.	.	.	.	.	.	.	.	.	80.50	.	.	.	.
resources/abricate/card/P0890_PCD_31102022-0.tsv	5	.	.	.	.	.	.	.	94.13	95.89	.	.	.	.	.	99.76	.	.	.	.	.	.	.	.	93.97	.	.	.	.	.	.	.	.	.	.	.	.	.	.	.	.	.	.	.	.	.	.	.	.	.	.	.	.	80.50	.	.	.	.
resources/abricate/card/P0890_PCD_31102022-1.tsv	5	.	.	.	.	.	.	.	94.13	95.89	.	.	.	.	.	99.76	.	.	.	.	.	.	.	.	93.97	.	.	.	.	.	.	.	.	.	.	.	.	.	.	.	.	.	.	.	.	.	.	.	.	.	.	.	.	80.50	.	.	.	.
resources/abricate/card/P1090_PCD_23092021-0.tsv	5	.	.	.	.	.	.	.	94.64	95.83	.	.	.	.	.	.	99.76	.	.	.	.	.	.	.	93.17	.	.	.	.	.	.	.	.	.	.	.	.	.	.	.	.	.	.	.	.	.	.	.	.	.	.	.	.	80.34	.	.	.	.
resources/abricate/card/P1490_PCD_09122016-0.tsv	5	.	.	.	.	.	.	.	98.21	98.25	.	.	.	.	.	.	.	.	.	.	.	.	.	96.37	98.78	.	.	.	.	.	.	.	.	.	.	.	.	.	.	.	.	.	.	.	.	.	.	.	.	.	.	.	.	81.04	.	.	.	.
resources/abricate/card/P1490_PCD_27082020-0.tsv	3	.	.	.	.	.	.	.	83.09	87.46	.	.	.	.	.	.	.	.	.	.	.	.	.	.	80.57	.	.	.	.	.	.	.	.	.	.	.	.	.	.	.	.	.	.	.	.	.	.	.	.	.	.	.	.	.	.	.	.	.
resources/abricate/card/P1590_PCD_10012022-0.tsv	4	.	.	.	.	.	.	.	84.83	89.30	.	.	.	.	.	.	.	.	.	.	.	.	.	.	84.44	.	.	.	.	.	.	.	.	.	.	.	.	.	.	.	.	.	.	.	.	.	.	.	.	.	.	.	.	80.63	.	.	.	.
resources/abricate/card/P1890_PCD_04102022-0.tsv	4	.	.	.	.	.	.	.	84.48	88.25	.	.	.	.	.	.	.	.	.	.	.	.	.	.	81.65	.	.	.	.	.	.	.	.	.	.	.	.	.	.	.	.	.	.	.	.	.	.	.	.	.	.	.	.	80.36	.	.	.	.
resources/abricate/card/P1890_PCD_22022022-0.tsv	4	.	.	.	.	.	.	.	84.48	88.25	.	.	.	.	.	.	.	.	.	.	.	.	.	.	81.65	.	.	.	.	.	.	.	.	.	.	.	.	.	.	.	.	.	.	.	.	.	.	.	.	.	.	.	.	80.36	.	.	.	.
resources/abricate/card/P1990_PCD_15032024-0.tsv	5	.	.	.	.	80.05	.	.	84.64	89.52	.	.	.	.	.	.	.	.	.	.	.	.	.	.	84.37	.	.	.	.	.	.	.	.	.	.	.	.	.	.	.	.	.	.	.	.	.	.	.	.	.	.	.	.	80.70	.	.	.	.
resources/abricate/card/P1990_PCD_24032022-0.tsv	5	.	.	.	.	80.05	.	.	84.64	89.52	.	.	.	.	.	.	.	.	.	.	.	.	.	.	84.37	.	.	.	.	.	.	.	.	.	.	.	.	.	.	.	.	.	.	.	.	.	.	.	.	.	.	.	.	80.70	.	.	.	.
resources/abricate/card/P1990_PCD_28042023-0.tsv	5	.	.	.	.	80.05	.	.	84.64	89.52	.	.	.	.	.	.	.	.	.	.	.	.	.	.	84.37	.	.	.	.	.	.	.	.	.	.	.	.	.	.	.	.	.	.	.	.	.	.	.	.	.	.	.	.	80.70	.	.	.	.
resources/abricate/card/P2090_PCD_03082020-0.tsv	4	.	.	.	.	.	.	.	94.47	95.89	.	.	.	.	.	.	.	.	.	.	99.28	.	.	.	93.82	.	.	.	.	.	.	.	.	.	.	.	.	.	.	.	.	.	.	.	.	.	.	.	.	.	.	.	.	.	.	.	.	.
resources/abricate/card/P2090_PCD_15032023-0.tsv	4	.	.	.	.	.	.	.	94.47	95.89	.	.	.	.	.	.	.	.	.	.	99.28	.	.	.	93.82	.	.	.	.	.	.	.	.	.	.	.	.	.	.	.	.	.	.	.	.	.	.	.	.	.	.	.	.	.	.	.	.	.
resources/abricate/card/P2090_PCD_17012024-0.tsv	5	.	.	.	.	.	.	.	94.47	95.89	.	.	.	.	.	.	.	.	.	.	99.28	.	.	.	93.82	.	.	.	.	.	.	.	.	.	.	.	.	.	.	.	.	.	.	.	.	.	.	.	.	.	.	.	.	80.37	.	.	.	.
resources/abricate/card/P2090_PCD_18012021-0.tsv	5	.	.	.	.	.	.	.	94.47	95.89	.	.	.	.	.	.	.	.	.	.	99.28	.	.	.	93.82	.	.	.	.	.	.	.	.	.	.	.	.	.	.	.	.	.	.	.	.	.	.	.	.	.	.	.	.	80.37	.	.	.	.
resources/abricate/card/P2090_PCD_22032022-0.tsv	5	.	.	.	.	.	.	.	94.47	95.89	.	.	.	.	.	.	.	.	.	.	99.28	.	.	.	93.82	.	.	.	.	.	.	.	.	.	.	.	.	.	.	.	.	.	.	.	.	.	.	.	.	.	.	.	.	80.37	.	.	.	.
resources/abricate/card/P2590_PCD_02022023-0.tsv	6	.	.	.	.	.	100.00	.	94.30	95.92	.	.	.	.	.	.	.	.	.	100.00	.	.	.	.	93.17	.	.	.	.	.	.	.	.	.	.	.	.	.	.	.	.	.	.	.	.	.	.	.	.	.	.	.	.	80.43	.	.	.	.
resources/abricate/card/P2590_PCD_03072024-0.tsv	6	.	.	.	.	.	100.00	.	94.30	95.92	.	.	.	.	.	.	.	.	.	100.00	.	.	.	.	93.17	.	.	.	.	.	.	.	.	.	.	.	.	.	.	.	.	.	.	.	.	.	.	.	.	.	.	.	.	80.43	.	.	.	.
resources/abricate/card/P2590_PCD_12072023-0.tsv	6	.	.	.	.	.	100.00	.	94.30	95.92	.	.	.	.	.	.	.	.	.	100.00	.	.	.	.	93.17	.	.	.	.	.	.	.	.	.	.	.	.	.	.	.	.	.	.	.	.	.	.	.	.	.	.	.	.	80.43	.	.	.	.
resources/abricate/card/P2590_PCD_29102019-0.tsv	5	.	.	.	.	.	.	.	94.39	95.95	.	.	.	.	.	.	100.00	.	.	.	.	.	.	.	93.97	.	.	.	.	.	.	.	.	.	.	.	.	.	.	.	.	.	.	.	.	.	.	.	.	.	.	.	.	80.37	.	.	.	.
resources/abricate/card/P2690_PCD_05112019-0.tsv	5	.	.	.	.	.	.	.	94.47	95.83	.	.	.	.	.	.	.	.	.	.	.	99.64	.	.	93.82	.	.	.	.	.	.	.	.	.	.	.	.	.	.	.	.	.	.	.	.	.	.	.	.	.	.	.	.	80.37	.	.	.	.
resources/abricate/card/P2790_PCD_09062020-0.tsv	6	.	.	.	99.78	.	.	.	94.30	95.89	.	.	.	.	.	.	.	.	.	.	.	.	99.88	.	93.97	.	.	.	.	.	.	.	.	.	.	.	.	.	.	.	.	.	.	.	.	.	.	.	.	.	.	.	.	80.30	.	.	.	.
resources/abricate/card/P2890_PCD_12062020-0.tsv	6	.	.	.	100.00	.	.	.	94.56	95.86	.	.	.	.	.	.	.	.	100.00	.	.	.	.	.	93.68	.	.	.	.	.	.	.	.	.	.	.	.	.	.	.	.	.	.	.	.	.	.	.	.	.	.	.	.	80.37	.	.	.	.
resources/abricate/card/P2990_PCD_14072020-0.tsv	5	.	.	.	.	.	.	.	94.22	95.79	.	.	.	.	99.64	.	.	.	.	.	.	.	.	.	93.89	.	.	.	.	.	.	.	.	.	.	.	.	.	.	.	.	.	.	.	.	.	.	.	.	.	.	.	.	80.34	.	.	.	.
resources/abricate/card/P2990_PCD_20012023-0.tsv	5	.	.	.	.	.	.	.	94.22	95.79	.	.	.	.	99.64	.	.	.	.	.	.	.	.	.	93.89	.	.	.	.	.	.	.	.	.	.	.	.	.	.	.	.	.	.	.	.	.	.	.	.	.	.	.	.	80.34	.	.	.	.
resources/abricate/card/P3090_PCD_20072020-0.tsv	5	.	.	.	.	.	.	.	93.96	95.95	.	.	.	.	.	.	.	99.88	.	.	.	.	.	.	93.89	.	.	.	.	.	.	.	.	.	.	.	.	.	.	.	.	.	.	.	.	.	.	.	.	.	.	.	.	80.37	.	.	.	.
resources/abricate/card/P3390_PCD_08032024-0.tsv	5	.	.	.	.	.	.	.	99.23	99.20	.	.	.	.	.	.	.	.	.	.	.	.	.	98.31	99.21	.	.	.	.	.	.	.	.	.	.	.	.	.	.	.	.	.	.	.	.	.	.	.	.	.	.	.	.	80.98	.	.	.	.
resources/abricate/card/P3390_PCD_19082024-0.tsv	4	.	.	.	.	.	.	.	94.05	95.41	.	.	.	.	.	.	.	.	.	.	.	.	.	.	94.54	.	.	.	.	.	.	.	.	.	.	.	.	.	.	.	.	.	.	.	.	.	.	.	.	.	.	.	.	80.17	.	.	.	.
resources/abricate/card/P3390_PCD_30092020-0.tsv	4	.	.	.	.	.	.	.	94.05	95.41	.	.	.	.	.	.	.	.	.	.	.	.	.	.	94.54	.	.	.	.	.	.	.	.	.	.	.	.	.	.	.	.	.	.	.	.	.	.	.	.	.	.	.	.	80.17	.	.	.	.
resources/abricate/card/P3490_PCD_21022022-0.tsv	4	.	.	.	.	.	.	.	84.31	88.18	.	.	.	.	.	.	.	.	.	.	.	.	.	.	82.02	.	.	.	.	.	.	.	.	.	.	.	.	.	.	.	.	.	.	.	.	.	.	.	.	.	.	.	.	80.24	.	.	.	.
resources/abricate/card/P3590_PCD_20052022-0.tsv	0	.	.	.	.	.	.	.	.	.	.	.	.	.	.	.	.	.	.	.	.	.	.	.	.	.	.	.	.	.	.	.	.	.	.	.	.	.	.	.	.	.	.	.	.	.	.	.	.	.	.	.	.	.	.	.	.	.
resources/abricate/card/P3890_PCD_24082022-0.tsv	3	.	.	.	.	.	.	.	83.51	89.10	.	.	.	.	.	.	.	.	.	.	.	.	.	.	83.12	.	.	.	.	.	.	.	.	.	.	.	.	.	.	.	.	.	.	.	.	.	.	.	.	.	.	.	.	.	.	.	.	.
resources/abricate/card/P4290_PCD_08032024-0.tsv	5	.	.	.	.	.	.	.	94.47	95.57	.	.	.	.	.	.	.	.	.	99.40	.	.	.	.	93.82	.	.	.	.	.	.	.	.	.	.	.	.	.	.	.	.	.	.	.	.	.	.	.	.	.	.	.	.	80.34	.	.	.	.
resources/abricate/card/P4290_PCD_28112022-0.tsv	5	.	.	.	.	.	.	.	94.47	95.57	.	.	.	.	.	.	.	.	.	99.40	.	.	.	.	93.82	.	.	.	.	.	.	.	.	.	.	.	.	.	.	.	.	.	.	.	.	.	.	.	.	.	.	.	.	80.34	.	.	.	.
resources/abricate/card/P5590_PCD_20032024-0.tsv	3	.	.	.	.	.	.	.	84.24	90.25	.	.	.	.	.	.	.	.	.	.	.	.	.	.	84.76	.	.	.	.	.	.	.	.	.	.	.	.	.	.	.	.	.	.	.	.	.	.	.	.	.	.	.	.	.	.	.	.	.
resources/abricate/card/P5590_PCD_26072024-0.tsv	3	.	.	.	.	.	.	.	84.24	90.25	.	.	.	.	.	.	.	.	.	.	.	.	.	.	84.76	.	.	.	.	.	.	.	.	.	.	.	.	.	.	.	.	.	.	.	.	.	.	.	.	.	.	.	.	.	.	.	.	.
resources/abricate/card/P5690_PCD_11062024-0.tsv	3	.	.	.	.	.	.	.	83.86	89.07	.	.	.	.	.	.	.	.	.	.	.	.	.	.	82.90	.	.	.	.	.	.	.	.	.	.	.	.	.	.	.	.	.	.	.	.	.	.	.	.	.	.	.	.	.	.	.	.	.
resources/abricate/card/P5890_PCD_24062024-0.tsv	5	.	.	.	.	.	.	.	93.79	95.70	.	.	.	.	.	.	.	.	.	.	.	99.03	.	.	92.82	.	.	.	.	.	.	.	.	.	.	.	.	.	.	.	.	.	.	.	.	.	.	.	.	.	.	.	.	80.40	.	.	.	.
resources/abricate/ecoh/P0290_PCD_28022016-0.tsv	0	.	.	.	.	.	.	.	.	.	.	.	.	.	.	.	.	.	.	.	.	.	.	.	.	.	.	.	.	.	.	.	.	.	.	.	.	.	.	.	.	.	.	.	.	.	.	.	.	.	.	.	.	.	.	.	.	.
resources/abricate/ecoh/P0290_PCD_28022016-1.tsv	0	.	.	.	.	.	.	.	.	.	.	.	.	.	.	.	.	.	.	.	.	.	.	.	.	.	.	.	.	.	.	.	.	.	.	.	.	.	.	.	.	.	.	.	.	.	.	.	.	.	.	.	.	.	.	.	.	.
resources/abricate/ecoh/P0690_PCD_10122023-0.tsv	0	.	.	.	.	.	.	.	.	.	.	.	.	.	.	.	.	.	.	.	.	.	.	.	.	.	.	.	.	.	.	.	.	.	.	.	.	.	.	.	.	.	.	.	.	.	.	.	.	.	.	.	.	.	.	.	.	.
resources/abricate/ecoh/P0690_PCD_14042023-0.tsv	0	.	.	.	.	.	.	.	.	.	.	.	.	.	.	.	.	.	.	.	.	.	.	.	.	.	.	.	.	.	.	.	.	.	.	.	.	.	.	.	.	.	.	.	.	.	.	.	.	.	.	.	.	.	.	.	.	.
resources/abricate/ecoh/P0690_PCD_18022022-0.tsv	0	.	.	.	.	.	.	.	.	.	.	.	.	.	.	.	.	.	.	.	.	.	.	.	.	.	.	.	.	.	.	.	.	.	.	.	.	.	.	.	.	.	.	.	.	.	.	.	.	.	.	.	.	.	.	.	.	.
resources/abricate/ecoh/P0690_PCD_19072024-0.tsv	0	.	.	.	.	.	.	.	.	.	.	.	.	.	.	.	.	.	.	.	.	.	.	.	.	.	.	.	.	.	.	.	.	.	.	.	.	.	.	.	.	.	.	.	.	.	.	.	.	.	.	.	.	.	.	.	.	.
resources/abricate/ecoh/P0690_PCD_29012021-0.tsv	0	.	.	.	.	.	.	.	.	.	.	.	.	.	.	.	.	.	.	.	.	.	.	.	.	.	.	.	.	.	.	.	.	.	.	.	.	.	.	.	.	.	.	.	.	.	.	.	.	.	.	.	.	.	.	.	.	.
resources/abricate/ecoh/P0790_PCD_07012022-0.tsv	0	.	.	.	.	.	.	.	.	.	.	.	.	.	.	.	.	.	.	.	.	.	.	.	.	.	.	.	.	.	.	.	.	.	.	.	.	.	.	.	.	.	.	.	.	.	.	.	.	.	.	.	.	.	.	.	.	.
resources/abricate/ecoh/P0790_PCD_19052020-0.tsv	0	.	.	.	.	.	.	.	.	.	.	.	.	.	.	.	.	.	.	.	.	.	.	.	.	.	.	.	.	.	.	.	.	.	.	.	.	.	.	.	.	.	.	.	.	.	.	.	.	.	.	.	.	.	.	.	.	.
resources/abricate/ecoh/P0790_PCD_20062024-0.tsv	0	.	.	.	.	.	.	.	.	.	.	.	.	.	.	.	.	.	.	.	.	.	.	.	.	.	.	.	.	.	.	.	.	.	.	.	.	.	.	.	.	.	.	.	.	.	.	.	.	.	.	.	.	.	.	.	.	.
resources/abricate/ecoh/P0790_PCD_27062022-0.tsv	0	.	.	.	.	.	.	.	.	.	.	.	.	.	.	.	.	.	.	.	.	.	.	.	.	.	.	.	.	.	.	.	.	.	.	.	.	.	.	.	.	.	.	.	.	.	.	.	.	.	.	.	.	.	.	.	.	.
resources/abricate/ecoh/P0790_PCD_27062022-1.tsv	0	.	.	.	.	.	.	.	.	.	.	.	.	.	.	.	.	.	.	.	.	.	.	.	.	.	.	.	.	.	.	.	.	.	.	.	.	.	.	.	.	.	.	.	.	.	.	.	.	.	.	.	.	.	.	.	.	.
resources/abricate/ecoh/P0790_PCD_28102024-0.tsv	0	.	.	.	.	.	.	.	.	.	.	.	.	.	.	.	.	.	.	.	.	.	.	.	.	.	.	.	.	.	.	.	.	.	.	.	.	.	.	.	.	.	.	.	.	.	.	.	.	.	.	.	.	.	.	.	.	.
resources/abricate/ecoh/P0890_PCD_08062021-0.tsv	0	.	.	.	.	.	.	.	.	.	.	.	.	.	.	.	.	.	.	.	.	.	.	.	.	.	.	.	.	.	.	.	.	.	.	.	.	.	.	.	.	.	.	.	.	.	.	.	.	.	.	.	.	.	.	.	.	.
resources/abricate/ecoh/P0890_PCD_18032022-0.tsv	0	.	.	.	.	.	.	.	.	.	.	.	.	.	.	.	.	.	.	.	.	.	.	.	.	.	.	.	.	.	.	.	.	.	.	.	.	.	.	.	.	.	.	.	.	.	.	.	.	.	.	.	.	.	.	.	.	.
resources/abricate/ecoh/P0890_PCD_27092023-0.tsv	0	.	.	.	.	.	.	.	.	.	.	.	.	.	.	.	.	.	.	.	.	.	.	.	.	.	.	.	.	.	.	.	.	.	.	.	.	.	.	.	.	.	.	.	.	.	.	.	.	.	.	.	.	.	.	.	.	.
resources/abricate/ecoh/P0890_PCD_31102022-0.tsv	0	.	.	.	.	.	.	.	.	.	.	.	.	.	.	.	.	.	.	.	.	.	.	.	.	.	.	.	.	.	.	.	.	.	.	.	.	.	.	.	.	.	.	.	.	.	.	.	.	.	.	.	.	.	.	.	.	.
resources/abricate/ecoh/P0890_PCD_31102022-1.tsv	0	.	.	.	.	.	.	.	.	.	.	.	.	.	.	.	.	.	.	.	.	.	.	.	.	.	.	.	.	.	.	.	.	.	.	.	.	.	.	.	.	.	.	.	.	.	.	.	.	.	.	.	.	.	.	.	.	.
resources/abricate/ecoh/P1090_PCD_23092021-0.tsv	0	.	.	.	.	.	.	.	.	.	.	.	.	.	.	.	.	.	.	.	.	.	.	.	.	.	.	.	.	.	.	.	.	.	.	.	.	.	.	.	.	.	.	.	.	.	.	.	.	.	.	.	.	.	.	.	.	.
resources/abricate/ecoh/P1490_PCD_09122016-0.tsv	0	.	.	.	.	.	.	.	.	.	.	.	.	.	.	.	.	.	.	.	.	.	.	.	.	.	.	.	.	.	.	.	.	.	.	.	.	.	.	.	.	.	.	.	.	.	.	.	.	.	.	.	.	.	.	.	.	.
resources/abricate/ecoh/P1490_PCD_27082020-0.tsv	0	.	.	.	.	.	.	.	.	.	.	.	.	.	.	.	.	.	.	.	.	.	.	.	.	.	.	.	.	.	.	.	.	.	.	.	.	.	.	.	.	.	.	.	.	.	.	.	.	.	.	.	.	.	.	.	.	.
resources/abricate/ecoh/P1590_PCD_10012022-0.tsv	0	.	.	.	.	.	.	.	.	.	.	.	.	.	.	.	.	.	.	.	.	.	.	.	.	.	.	.	.	.	.	.	.	.	.	.	.	.	.	.	.	.	.	.	.	.	.	.	.	.	.	.	.	.	.	.	.	.
resources/abricate/ecoh/P1890_PCD_04102022-0.tsv	0	.	.	.	.	.	.	.	.	.	.	.	.	.	.	.	.	.	.	.	.	.	.	.	.	.	.	.	.	.	.	.	.	.	.	.	.	.	.	.	.	.	.	.	.	.	.	.	.	.	.	.	.	.	.	.	.	.
resources/abricate/ecoh/P1890_PCD_22022022-0.tsv	0	.	.	.	.	.	.	.	.	.	.	.	.	.	.	.	.	.	.	.	.	.	.	.	.	.	.	.	.	.	.	.	.	.	.	.	.	.	.	.	.	.	.	.	.	.	.	.	.	.	.	.	.	.	.	.	.	.
resources/abricate/ecoh/P1990_PCD_15032024-0.tsv	0	.	.	.	.	.	.	.	.	.	.	.	.	.	.	.	.	.	.	.	.	.	.	.	.	.	.	.	.	.	.	.	.	.	.	.	.	.	.	.	.	.	.	.	.	.	.	.	.	.	.	.	.	.	.	.	.	.
resources/abricate/ecoh/P1990_PCD_24032022-0.tsv	0	.	.	.	.	.	.	.	.	.	.	.	.	.	.	.	.	.	.	.	.	.	.	.	.	.	.	.	.	.	.	.	.	.	.	.	.	.	.	.	.	.	.	.	.	.	.	.	.	.	.	.	.	.	.	.	.	.
resources/abricate/ecoh/P1990_PCD_28042023-0.tsv	0	.	.	.	.	.	.	.	.	.	.	.	.	.	.	.	.	.	.	.	.	.	.	.	.	.	.	.	.	.	.	.	.	.	.	.	.	.	.	.	.	.	.	.	.	.	.	.	.	.	.	.	.	.	.	.	.	.
resources/abricate/ecoh/P2090_PCD_03082020-0.tsv	0	.	.	.	.	.	.	.	.	.	.	.	.	.	.	.	.	.	.	.	.	.	.	.	.	.	.	.	.	.	.	.	.	.	.	.	.	.	.	.	.	.	.	.	.	.	.	.	.	.	.	.	.	.	.	.	.	.
resources/abricate/ecoh/P2090_PCD_15032023-0.tsv	0	.	.	.	.	.	.	.	.	.	.	.	.	.	.	.	.	.	.	.	.	.	.	.	.	.	.	.	.	.	.	.	.	.	.	.	.	.	.	.	.	.	.	.	.	.	.	.	.	.	.	.	.	.	.	.	.	.
resources/abricate/ecoh/P2090_PCD_17012024-0.tsv	0	.	.	.	.	.	.	.	.	.	.	.	.	.	.	.	.	.	.	.	.	.	.	.	.	.	.	.	.	.	.	.	.	.	.	.	.	.	.	.	.	.	.	.	.	.	.	.	.	.	.	.	.	.	.	.	.	.
resources/abricate/ecoh/P2090_PCD_18012021-0.tsv	0	.	.	.	.	.	.	.	.	.	.	.	.	.	.	.	.	.	.	.	.	.	.	.	.	.	.	.	.	.	.	.	.	.	.	.	.	.	.	.	.	.	.	.	.	.	.	.	.	.	.	.	.	.	.	.	.	.
resources/abricate/ecoh/P2090_PCD_22032022-0.tsv	0	.	.	.	.	.	.	.	.	.	.	.	.	.	.	.	.	.	.	.	.	.	.	.	.	.	.	.	.	.	.	.	.	.	.	.	.	.	.	.	.	.	.	.	.	.	.	.	.	.	.	.	.	.	.	.	.	.
resources/abricate/ecoh/P2590_PCD_02022023-0.tsv	0	.	.	.	.	.	.	.	.	.	.	.	.	.	.	.	.	.	.	.	.	.	.	.	.	.	.	.	.	.	.	.	.	.	.	.	.	.	.	.	.	.	.	.	.	.	.	.	.	.	.	.	.	.	.	.	.	.
resources/abricate/ecoh/P2590_PCD_03072024-0.tsv	0	.	.	.	.	.	.	.	.	.	.	.	.	.	.	.	.	.	.	.	.	.	.	.	.	.	.	.	.	.	.	.	.	.	.	.	.	.	.	.	.	.	.	.	.	.	.	.	.	.	.	.	.	.	.	.	.	.
resources/abricate/ecoh/P2590_PCD_12072023-0.tsv	0	.	.	.	.	.	.	.	.	.	.	.	.	.	.	.	.	.	.	.	.	.	.	.	.	.	.	.	.	.	.	.	.	.	.	.	.	.	.	.	.	.	.	.	.	.	.	.	.	.	.	.	.	.	.	.	.	.
resources/abricate/ecoh/P2590_PCD_29102019-0.tsv	0	.	.	.	.	.	.	.	.	.	.	.	.	.	.	.	.	.	.	.	.	.	.	.	.	.	.	.	.	.	.	.	.	.	.	.	.	.	.	.	.	.	.	.	.	.	.	.	.	.	.	.	.	.	.	.	.	.
resources/abricate/ecoh/P2690_PCD_05112019-0.tsv	0	.	.	.	.	.	.	.	.	.	.	.	.	.	.	.	.	.	.	.	.	.	.	.	.	.	.	.	.	.	.	.	.	.	.	.	.	.	.	.	.	.	.	.	.	.	.	.	.	.	.	.	.	.	.	.	.	.
resources/abricate/ecoh/P2790_PCD_09062020-0.tsv	0	.	.	.	.	.	.	.	.	.	.	.	.	.	.	.	.	.	.	.	.	.	.	.	.	.	.	.	.	.	.	.	.	.	.	.	.	.	.	.	.	.	.	.	.	.	.	.	.	.	.	.	.	.	.	.	.	.
resources/abricate/ecoh/P2890_PCD_12062020-0.tsv	0	.	.	.	.	.	.	.	.	.	.	.	.	.	.	.	.	.	.	.	.	.	.	.	.	.	.	.	.	.	.	.	.	.	.	.	.	.	.	.	.	.	.	.	.	.	.	.	.	.	.	.	.	.	.	.	.	.
resources/abricate/ecoh/P2990_PCD_14072020-0.tsv	0	.	.	.	.	.	.	.	.	.	.	.	.	.	.	.	.	.	.	.	.	.	.	.	.	.	.	.	.	.	.	.	.	.	.	.	.	.	.	.	.	.	.	.	.	.	.	.	.	.	.	.	.	.	.	.	.	.
resources/abricate/ecoh/P2990_PCD_20012023-0.tsv	0	.	.	.	.	.	.	.	.	.	.	.	.	.	.	.	.	.	.	.	.	.	.	.	.	.	.	.	.	.	.	.	.	.	.	.	.	.	.	.	.	.	.	.	.	.	.	.	.	.	.	.	.	.	.	.	.	.
resources/abricate/ecoh/P3090_PCD_20072020-0.tsv	0	.	.	.	.	.	.	.	.	.	.	.	.	.	.	.	.	.	.	.	.	.	.	.	.	.	.	.	.	.	.	.	.	.	.	.	.	.	.	.	.	.	.	.	.	.	.	.	.	.	.	.	.	.	.	.	.	.
resources/abricate/ecoh/P3390_PCD_08032024-0.tsv	0	.	.	.	.	.	.	.	.	.	.	.	.	.	.	.	.	.	.	.	.	.	.	.	.	.	.	.	.	.	.	.	.	.	.	.	.	.	.	.	.	.	.	.	.	.	.	.	.	.	.	.	.	.	.	.	.	.
resources/abricate/ecoh/P3390_PCD_19082024-0.tsv	0	.	.	.	.	.	.	.	.	.	.	.	.	.	.	.	.	.	.	.	.	.	.	.	.	.	.	.	.	.	.	.	.	.	.	.	.	.	.	.	.	.	.	.	.	.	.	.	.	.	.	.	.	.	.	.	.	.
resources/abricate/ecoh/P3390_PCD_30092020-0.tsv	0	.	.	.	.	.	.	.	.	.	.	.	.	.	.	.	.	.	.	.	.	.	.	.	.	.	.	.	.	.	.	.	.	.	.	.	.	.	.	.	.	.	.	.	.	.	.	.	.	.	.	.	.	.	.	.	.	.
resources/abricate/ecoh/P3490_PCD_21022022-0.tsv	0	.	.	.	.	.	.	.	.	.	.	.	.	.	.	.	.	.	.	.	.	.	.	.	.	.	.	.	.	.	.	.	.	.	.	.	.	.	.	.	.	.	.	.	.	.	.	.	.	.	.	.	.	.	.	.	.	.
resources/abricate/ecoh/P3590_PCD_20052022-0.tsv	0	.	.	.	.	.	.	.	.	.	.	.	.	.	.	.	.	.	.	.	.	.	.	.	.	.	.	.	.	.	.	.	.	.	.	.	.	.	.	.	.	.	.	.	.	.	.	.	.	.	.	.	.	.	.	.	.	.
resources/abricate/ecoh/P3890_PCD_24082022-0.tsv	0	.	.	.	.	.	.	.	.	.	.	.	.	.	.	.	.	.	.	.	.	.	.	.	.	.	.	.	.	.	.	.	.	.	.	.	.	.	.	.	.	.	.	.	.	.	.	.	.	.	.	.	.	.	.	.	.	.
resources/abricate/ecoh/P4290_PCD_08032024-0.tsv	0	.	.	.	.	.	.	.	.	.	.	.	.	.	.	.	.	.	.	.	.	.	.	.	.	.	.	.	.	.	.	.	.	.	.	.	.	.	.	.	.	.	.	.	.	.	.	.	.	.	.	.	.	.	.	.	.	.
resources/abricate/ecoh/P4290_PCD_28112022-0.tsv	0	.	.	.	.	.	.	.	.	.	.	.	.	.	.	.	.	.	.	.	.	.	.	.	.	.	.	.	.	.	.	.	.	.	.	.	.	.	.	.	.	.	.	.	.	.	.	.	.	.	.	.	.	.	.	.	.	.
resources/abricate/ecoh/P5590_PCD_20032024-0.tsv	0	.	.	.	.	.	.	.	.	.	.	.	.	.	.	.	.	.	.	.	.	.	.	.	.	.	.	.	.	.	.	.	.	.	.	.	.	.	.	.	.	.	.	.	.	.	.	.	.	.	.	.	.	.	.	.	.	.
resources/abricate/ecoh/P5590_PCD_26072024-0.tsv	0	.	.	.	.	.	.	.	.	.	.	.	.	.	.	.	.	.	.	.	.	.	.	.	.	.	.	.	.	.	.	.	.	.	.	.	.	.	.	.	.	.	.	.	.	.	.	.	.	.	.	.	.	.	.	.	.	.
resources/abricate/ecoh/P5690_PCD_11062024-0.tsv	0	.	.	.	.	.	.	.	.	.	.	.	.	.	.	.	.	.	.	.	.	.	.	.	.	.	.	.	.	.	.	.	.	.	.	.	.	.	.	.	.	.	.	.	.	.	.	.	.	.	.	.	.	.	.	.	.	.
resources/abricate/ecoh/P5890_PCD_24062024-0.tsv	0	.	.	.	.	.	.	.	.	.	.	.	.	.	.	.	.	.	.	.	.	.	.	.	.	.	.	.	.	.	.	.	.	.	.	.	.	.	.	.	.	.	.	.	.	.	.	.	.	.	.	.	.	.	.	.	.	.
resources/abricate/ecoli_vf/P0290_PCD_28022016-0.tsv	0	.	.	.	.	.	.	.	.	.	.	.	.	.	.	.	.	.	.	.	.	.	.	.	.	.	.	.	.	.	.	.	.	.	.	.	.	.	.	.	.	.	.	.	.	.	.	.	.	.	.	.	.	.	.	.	.	.
resources/abricate/ecoli_vf/P0290_PCD_28022016-1.tsv	0	.	.	.	.	.	.	.	.	.	.	.	.	.	.	.	.	.	.	.	.	.	.	.	.	.	.	.	.	.	.	.	.	.	.	.	.	.	.	.	.	.	.	.	.	.	.	.	.	.	.	.	.	.	.	.	.	.
resources/abricate/ecoli_vf/P0690_PCD_10122023-0.tsv	0	.	.	.	.	.	.	.	.	.	.	.	.	.	.	.	.	.	.	.	.	.	.	.	.	.	.	.	.	.	.	.	.	.	.	.	.	.	.	.	.	.	.	.	.	.	.	.	.	.	.	.	.	.	.	.	.	.
resources/abricate/ecoli_vf/P0690_PCD_14042023-0.tsv	0	.	.	.	.	.	.	.	.	.	.	.	.	.	.	.	.	.	.	.	.	.	.	.	.	.	.	.	.	.	.	.	.	.	.	.	.	.	.	.	.	.	.	.	.	.	.	.	.	.	.	.	.	.	.	.	.	.
resources/abricate/ecoli_vf/P0690_PCD_18022022-0.tsv	0	.	.	.	.	.	.	.	.	.	.	.	.	.	.	.	.	.	.	.	.	.	.	.	.	.	.	.	.	.	.	.	.	.	.	.	.	.	.	.	.	.	.	.	.	.	.	.	.	.	.	.	.	.	.	.	.	.
resources/abricate/ecoli_vf/P0690_PCD_19072024-0.tsv	0	.	.	.	.	.	.	.	.	.	.	.	.	.	.	.	.	.	.	.	.	.	.	.	.	.	.	.	.	.	.	.	.	.	.	.	.	.	.	.	.	.	.	.	.	.	.	.	.	.	.	.	.	.	.	.	.	.
resources/abricate/ecoli_vf/P0690_PCD_29012021-0.tsv	0	.	.	.	.	.	.	.	.	.	.	.	.	.	.	.	.	.	.	.	.	.	.	.	.	.	.	.	.	.	.	.	.	.	.	.	.	.	.	.	.	.	.	.	.	.	.	.	.	.	.	.	.	.	.	.	.	.
resources/abricate/ecoli_vf/P0790_PCD_07012022-0.tsv	0	.	.	.	.	.	.	.	.	.	.	.	.	.	.	.	.	.	.	.	.	.	.	.	.	.	.	.	.	.	.	.	.	.	.	.	.	.	.	.	.	.	.	.	.	.	.	.	.	.	.	.	.	.	.	.	.	.
resources/abricate/ecoli_vf/P0790_PCD_19052020-0.tsv	0	.	.	.	.	.	.	.	.	.	.	.	.	.	.	.	.	.	.	.	.	.	.	.	.	.	.	.	.	.	.	.	.	.	.	.	.	.	.	.	.	.	.	.	.	.	.	.	.	.	.	.	.	.	.	.	.	.
resources/abricate/ecoli_vf/P0790_PCD_20062024-0.tsv	0	.	.	.	.	.	.	.	.	.	.	.	.	.	.	.	.	.	.	.	.	.	.	.	.	.	.	.	.	.	.	.	.	.	.	.	.	.	.	.	.	.	.	.	.	.	.	.	.	.	.	.	.	.	.	.	.	.
resources/abricate/ecoli_vf/P0790_PCD_27062022-0.tsv	0	.	.	.	.	.	.	.	.	.	.	.	.	.	.	.	.	.	.	.	.	.	.	.	.	.	.	.	.	.	.	.	.	.	.	.	.	.	.	.	.	.	.	.	.	.	.	.	.	.	.	.	.	.	.	.	.	.
resources/abricate/ecoli_vf/P0790_PCD_27062022-1.tsv	0	.	.	.	.	.	.	.	.	.	.	.	.	.	.	.	.	.	.	.	.	.	.	.	.	.	.	.	.	.	.	.	.	.	.	.	.	.	.	.	.	.	.	.	.	.	.	.	.	.	.	.	.	.	.	.	.	.
resources/abricate/ecoli_vf/P0790_PCD_28102024-0.tsv	0	.	.	.	.	.	.	.	.	.	.	.	.	.	.	.	.	.	.	.	.	.	.	.	.	.	.	.	.	.	.	.	.	.	.	.	.	.	.	.	.	.	.	.	.	.	.	.	.	.	.	.	.	.	.	.	.	.
resources/abricate/ecoli_vf/P0890_PCD_08062021-0.tsv	0	.	.	.	.	.	.	.	.	.	.	.	.	.	.	.	.	.	.	.	.	.	.	.	.	.	.	.	.	.	.	.	.	.	.	.	.	.	.	.	.	.	.	.	.	.	.	.	.	.	.	.	.	.	.	.	.	.
resources/abricate/ecoli_vf/P0890_PCD_18032022-0.tsv	0	.	.	.	.	.	.	.	.	.	.	.	.	.	.	.	.	.	.	.	.	.	.	.	.	.	.	.	.	.	.	.	.	.	.	.	.	.	.	.	.	.	.	.	.	.	.	.	.	.	.	.	.	.	.	.	.	.
resources/abricate/ecoli_vf/P0890_PCD_27092023-0.tsv	0	.	.	.	.	.	.	.	.	.	.	.	.	.	.	.	.	.	.	.	.	.	.	.	.	.	.	.	.	.	.	.	.	.	.	.	.	.	.	.	.	.	.	.	.	.	.	.	.	.	.	.	.	.	.	.	.	.
resources/abricate/ecoli_vf/P0890_PCD_31102022-0.tsv	0	.	.	.	.	.	.	.	.	.	.	.	.	.	.	.	.	.	.	.	.	.	.	.	.	.	.	.	.	.	.	.	.	.	.	.	.	.	.	.	.	.	.	.	.	.	.	.	.	.	.	.	.	.	.	.	.	.
resources/abricate/ecoli_vf/P0890_PCD_31102022-1.tsv	0	.	.	.	.	.	.	.	.	.	.	.	.	.	.	.	.	.	.	.	.	.	.	.	.	.	.	.	.	.	.	.	.	.	.	.	.	.	.	.	.	.	.	.	.	.	.	.	.	.	.	.	.	.	.	.	.	.
resources/abricate/ecoli_vf/P1090_PCD_23092021-0.tsv	0	.	.	.	.	.	.	.	.	.	.	.	.	.	.	.	.	.	.	.	.	.	.	.	.	.	.	.	.	.	.	.	.	.	.	.	.	.	.	.	.	.	.	.	.	.	.	.	.	.	.	.	.	.	.	.	.	.
resources/abricate/ecoli_vf/P1490_PCD_09122016-0.tsv	0	.	.	.	.	.	.	.	.	.	.	.	.	.	.	.	.	.	.	.	.	.	.	.	.	.	.	.	.	.	.	.	.	.	.	.	.	.	.	.	.	.	.	.	.	.	.	.	.	.	.	.	.	.	.	.	.	.
resources/abricate/ecoli_vf/P1490_PCD_27082020-0.tsv	0	.	.	.	.	.	.	.	.	.	.	.	.	.	.	.	.	.	.	.	.	.	.	.	.	.	.	.	.	.	.	.	.	.	.	.	.	.	.	.	.	.	.	.	.	.	.	.	.	.	.	.	.	.	.	.	.	.
resources/abricate/ecoli_vf/P1590_PCD_10012022-0.tsv	1	.	.	.	.	.	.	.	.	.	.	.	.	.	.	.	.	.	.	.	.	.	.	.	.	.	.	.	.	.	.	.	.	.	.	.	.	.	.	.	.	.	.	.	.	.	.	.	.	.	.	.	.	.	.	.	.	80.00
resources/abricate/ecoli_vf/P1890_PCD_04102022-0.tsv	0	.	.	.	.	.	.	.	.	.	.	.	.	.	.	.	.	.	.	.	.	.	.	.	.	.	.	.	.	.	.	.	.	.	.	.	.	.	.	.	.	.	.	.	.	.	.	.	.	.	.	.	.	.	.	.	.	.
resources/abricate/ecoli_vf/P1890_PCD_22022022-0.tsv	0	.	.	.	.	.	.	.	.	.	.	.	.	.	.	.	.	.	.	.	.	.	.	.	.	.	.	.	.	.	.	.	.	.	.	.	.	.	.	.	.	.	.	.	.	.	.	.	.	.	.	.	.	.	.	.	.	.
resources/abricate/ecoli_vf/P1990_PCD_15032024-0.tsv	1	.	.	.	.	.	.	.	.	.	.	.	.	.	.	.	.	.	.	.	.	.	.	.	.	.	.	.	.	.	.	.	.	.	.	.	.	.	.	.	.	.	.	.	.	.	.	.	.	.	.	.	.	.	.	.	.	80.80
resources/abricate/ecoli_vf/P1990_PCD_24032022-0.tsv	1	.	.	.	.	.	.	.	.	.	.	.	.	.	.	.	.	.	.	.	.	.	.	.	.	.	.	.	.	.	.	.	.	.	.	.	.	.	.	.	.	.	.	.	.	.	.	.	.	.	.	.	.	.	.	.	.	80.80
resources/abricate/ecoli_vf/P1990_PCD_28042023-0.tsv	1	.	.	.	.	.	.	.	.	.	.	.	.	.	.	.	.	.	.	.	.	.	.	.	.	.	.	.	.	.	.	.	.	.	.	.	.	.	.	.	.	.	.	.	.	.	.	.	.	.	.	.	.	.	.	.	.	80.80
resources/abricate/ecoli_vf/P2090_PCD_03082020-0.tsv	0	.	.	.	.	.	.	.	.	.	.	.	.	.	.	.	.	.	.	.	.	.	.	.	.	.	.	.	.	.	.	.	.	.	.	.	.	.	.	.	.	.	.	.	.	.	.	.	.	.	.	.	.	.	.	.	.	.
resources/abricate/ecoli_vf/P2090_PCD_15032023-0.tsv	0	.	.	.	.	.	.	.	.	.	.	.	.	.	.	.	.	.	.	.	.	.	.	.	.	.	.	.	.	.	.	.	.	.	.	.	.	.	.	.	.	.	.	.	.	.	.	.	.	.	.	.	.	.	.	.	.	.
resources/abricate/ecoli_vf/P2090_PCD_17012024-0.tsv	0	.	.	.	.	.	.	.	.	.	.	.	.	.	.	.	.	.	.	.	.	.	.	.	.	.	.	.	.	.	.	.	.	.	.	.	.	.	.	.	.	.	.	.	.	.	.	.	.	.	.	.	.	.	.	.	.	.
resources/abricate/ecoli_vf/P2090_PCD_18012021-0.tsv	0	.	.	.	.	.	.	.	.	.	.	.	.	.	.	.	.	.	.	.	.	.	.	.	.	.	.	.	.	.	.	.	.	.	.	.	.	.	.	.	.	.	.	.	.	.	.	.	.	.	.	.	.	.	.	.	.	.
resources/abricate/ecoli_vf/P2090_PCD_22032022-0.tsv	0	.	.	.	.	.	.	.	.	.	.	.	.	.	.	.	.	.	.	.	.	.	.	.	.	.	.	.	.	.	.	.	.	.	.	.	.	.	.	.	.	.	.	.	.	.	.	.	.	.	.	.	.	.	.	.	.	.
resources/abricate/ecoli_vf/P2590_PCD_02022023-0.tsv	0	.	.	.	.	.	.	.	.	.	.	.	.	.	.	.	.	.	.	.	.	.	.	.	.	.	.	.	.	.	.	.	.	.	.	.	.	.	.	.	.	.	.	.	.	.	.	.	.	.	.	.	.	.	.	.	.	.
resources/abricate/ecoli_vf/P2590_PCD_03072024-0.tsv	0	.	.	.	.	.	.	.	.	.	.	.	.	.	.	.	.	.	.	.	.	.	.	.	.	.	.	.	.	.	.	.	.	.	.	.	.	.	.	.	.	.	.	.	.	.	.	.	.	.	.	.	.	.	.	.	.	.
resources/abricate/ecoli_vf/P2590_PCD_12072023-0.tsv	0	.	.	.	.	.	.	.	.	.	.	.	.	.	.	.	.	.	.	.	.	.	.	.	.	.	.	.	.	.	.	.	.	.	.	.	.	.	.	.	.	.	.	.	.	.	.	.	.	.	.	.	.	.	.	.	.	.
resources/abricate/ecoli_vf/P2590_PCD_29102019-0.tsv	0	.	.	.	.	.	.	.	.	.	.	.	.	.	.	.	.	.	.	.	.	.	.	.	.	.	.	.	.	.	.	.	.	.	.	.	.	.	.	.	.	.	.	.	.	.	.	.	.	.	.	.	.	.	.	.	.	.
resources/abricate/ecoli_vf/P2690_PCD_05112019-0.tsv	0	.	.	.	.	.	.	.	.	.	.	.	.	.	.	.	.	.	.	.	.	.	.	.	.	.	.	.	.	.	.	.	.	.	.	.	.	.	.	.	.	.	.	.	.	.	.	.	.	.	.	.	.	.	.	.	.	.
resources/abricate/ecoli_vf/P2790_PCD_09062020-0.tsv	0	.	.	.	.	.	.	.	.	.	.	.	.	.	.	.	.	.	.	.	.	.	.	.	.	.	.	.	.	.	.	.	.	.	.	.	.	.	.	.	.	.	.	.	.	.	.	.	.	.	.	.	.	.	.	.	.	.
resources/abricate/ecoli_vf/P2890_PCD_12062020-0.tsv	0	.	.	.	.	.	.	.	.	.	.	.	.	.	.	.	.	.	.	.	.	.	.	.	.	.	.	.	.	.	.	.	.	.	.	.	.	.	.	.	.	.	.	.	.	.	.	.	.	.	.	.	.	.	.	.	.	.
resources/abricate/ecoli_vf/P2990_PCD_14072020-0.tsv	0	.	.	.	.	.	.	.	.	.	.	.	.	.	.	.	.	.	.	.	.	.	.	.	.	.	.	.	.	.	.	.	.	.	.	.	.	.	.	.	.	.	.	.	.	.	.	.	.	.	.	.	.	.	.	.	.	.
resources/abricate/ecoli_vf/P2990_PCD_20012023-0.tsv	0	.	.	.	.	.	.	.	.	.	.	.	.	.	.	.	.	.	.	.	.	.	.	.	.	.	.	.	.	.	.	.	.	.	.	.	.	.	.	.	.	.	.	.	.	.	.	.	.	.	.	.	.	.	.	.	.	.
resources/abricate/ecoli_vf/P3090_PCD_20072020-0.tsv	0	.	.	.	.	.	.	.	.	.	.	.	.	.	.	.	.	.	.	.	.	.	.	.	.	.	.	.	.	.	.	.	.	.	.	.	.	.	.	.	.	.	.	.	.	.	.	.	.	.	.	.	.	.	.	.	.	.
resources/abricate/ecoli_vf/P3390_PCD_08032024-0.tsv	0	.	.	.	.	.	.	.	.	.	.	.	.	.	.	.	.	.	.	.	.	.	.	.	.	.	.	.	.	.	.	.	.	.	.	.	.	.	.	.	.	.	.	.	.	.	.	.	.	.	.	.	.	.	.	.	.	.
resources/abricate/ecoli_vf/P3390_PCD_19082024-0.tsv	0	.	.	.	.	.	.	.	.	.	.	.	.	.	.	.	.	.	.	.	.	.	.	.	.	.	.	.	.	.	.	.	.	.	.	.	.	.	.	.	.	.	.	.	.	.	.	.	.	.	.	.	.	.	.	.	.	.
resources/abricate/ecoli_vf/P3390_PCD_30092020-0.tsv	0	.	.	.	.	.	.	.	.	.	.	.	.	.	.	.	.	.	.	.	.	.	.	.	.	.	.	.	.	.	.	.	.	.	.	.	.	.	.	.	.	.	.	.	.	.	.	.	.	.	.	.	.	.	.	.	.	.
resources/abricate/ecoli_vf/P3490_PCD_21022022-0.tsv	0	.	.	.	.	.	.	.	.	.	.	.	.	.	.	.	.	.	.	.	.	.	.	.	.	.	.	.	.	.	.	.	.	.	.	.	.	.	.	.	.	.	.	.	.	.	.	.	.	.	.	.	.	.	.	.	.	.
resources/abricate/ecoli_vf/P3590_PCD_20052022-0.tsv	0	.	.	.	.	.	.	.	.	.	.	.	.	.	.	.	.	.	.	.	.	.	.	.	.	.	.	.	.	.	.	.	.	.	.	.	.	.	.	.	.	.	.	.	.	.	.	.	.	.	.	.	.	.	.	.	.	.
resources/abricate/ecoli_vf/P3890_PCD_24082022-0.tsv	1	.	.	.	.	.	.	.	.	.	.	.	.	.	.	.	.	.	.	.	.	.	.	.	.	.	.	.	.	.	.	.	.	.	.	.	.	.	.	.	.	.	.	.	.	.	.	.	.	.	.	.	.	.	.	.	.	80.00
resources/abricate/ecoli_vf/P4290_PCD_08032024-0.tsv	0	.	.	.	.	.	.	.	.	.	.	.	.	.	.	.	.	.	.	.	.	.	.	.	.	.	.	.	.	.	.	.	.	.	.	.	.	.	.	.	.	.	.	.	.	.	.	.	.	.	.	.	.	.	.	.	.	.
resources/abricate/ecoli_vf/P4290_PCD_28112022-0.tsv	0	.	.	.	.	.	.	.	.	.	.	.	.	.	.	.	.	.	.	.	.	.	.	.	.	.	.	.	.	.	.	.	.	.	.	.	.	.	.	.	.	.	.	.	.	.	.	.	.	.	.	.	.	.	.	.	.	.
resources/abricate/ecoli_vf/P5590_PCD_20032024-0.tsv	0	.	.	.	.	.	.	.	.	.	.	.	.	.	.	.	.	.	.	.	.	.	.	.	.	.	.	.	.	.	.	.	.	.	.	.	.	.	.	.	.	.	.	.	.	.	.	.	.	.	.	.	.	.	.	.	.	.
resources/abricate/ecoli_vf/P5590_PCD_26072024-0.tsv	0	.	.	.	.	.	.	.	.	.	.	.	.	.	.	.	.	.	.	.	.	.	.	.	.	.	.	.	.	.	.	.	.	.	.	.	.	.	.	.	.	.	.	.	.	.	.	.	.	.	.	.	.	.	.	.	.	.
resources/abricate/ecoli_vf/P5690_PCD_11062024-0.tsv	0	.	.	.	.	.	.	.	.	.	.	.	.	.	.	.	.	.	.	.	.	.	.	.	.	.	.	.	.	.	.	.	.	.	.	.	.	.	.	.	.	.	.	.	.	.	.	.	.	.	.	.	.	.	.	.	.	.
resources/abricate/ecoli_vf/P5890_PCD_24062024-0.tsv	0	.	.	.	.	.	.	.	.	.	.	.	.	.	.	.	.	.	.	.	.	.	.	.	.	.	.	.	.	.	.	.	.	.	.	.	.	.	.	.	.	.	.	.	.	.	.	.	.	.	.	.	.	.	.	.	.	.
resources/abricate/megares/P0290_PCD_28022016-0.tsv	3	.	.	.	.	.	.	88.40;84.66	.	.	80.54	.	81.14	.	.	.	.	.	.	.	.	.	.	.	.	.	.	.	.	.	.	.	.	.	.	.	.	.	.	.	.	.	.	.	.	.	.	.	.	.	.	.	.	.	.	.	.	.
resources/abricate/megares/P0290_PCD_28022016-1.tsv	3	.	.	.	.	.	.	84.66;88.40	.	.	80.54	.	81.14	.	.	.	.	.	.	.	.	.	.	.	.	.	.	.	.	.	.	.	.	.	.	.	.	.	.	.	.	.	.	.	.	.	.	.	.	.	.	.	.	.	.	.	.	.
resources/abricate/megares/P0690_PCD_10122023-0.tsv	4	.	.	.	.	.	.	95.83;94.13	.	.	80.40	.	93.89	100.00	.	.	.	.	.	.	.	.	.	.	.	.	.	.	.	.	.	.	.	.	.	.	.	.	.	.	.	.	.	.	.	.	.	.	.	.	.	.	.	.	.	.	.	.
resources/abricate/megares/P0690_PCD_14042023-0.tsv	4	.	.	.	.	.	.	95.83;94.13	.	.	80.40	.	93.89	100.00	.	.	.	.	.	.	.	.	.	.	.	.	.	.	.	.	.	.	.	.	.	.	.	.	.	.	.	.	.	.	.	.	.	.	.	.	.	.	.	.	.	.	.	.
resources/abricate/megares/P0690_PCD_18022022-0.tsv	4	.	.	.	.	.	.	94.13;95.83	.	.	80.40	.	93.89	100.00	.	.	.	.	.	.	.	.	.	.	.	.	.	.	.	.	.	.	.	.	.	.	.	.	.	.	.	.	.	.	.	.	.	.	.	.	.	.	.	.	.	.	.	.
resources/abricate/megares/P0690_PCD_19072024-0.tsv	4	.	.	.	.	.	.	95.83;94.13	.	.	80.40	.	93.89	100.00	.	.	.	.	.	.	.	.	.	.	.	.	.	.	.	.	.	.	.	.	.	.	.	.	.	.	.	.	.	.	.	.	.	.	.	.	.	.	.	.	.	.	.	.
resources/abricate/megares/P0690_PCD_29012021-0.tsv	4	.	.	.	.	.	.	95.83;94.13	.	.	80.40	.	93.89	100.00	.	.	.	.	.	.	.	.	.	.	.	.	.	.	.	.	.	.	.	.	.	.	.	.	.	.	.	.	.	.	.	.	.	.	.	.	.	.	.	.	.	.	.	.
resources/abricate/megares/P0790_PCD_07012022-0.tsv	4	.	.	.	.	.	.	94.56;95.63	.	.	80.40	.	92.74	99.76	.	.	.	.	.	.	.	.	.	.	.	.	.	.	.	.	.	.	.	.	.	.	.	.	.	.	.	.	.	.	.	.	.	.	.	.	.	.	.	.	.	.	.	.
resources/abricate/megares/P0790_PCD_19052020-0.tsv	4	.	.	.	.	.	.	94.56;95.63	.	.	80.40	.	92.74	99.76	.	.	.	.	.	.	.	.	.	.	.	.	.	.	.	.	.	.	.	.	.	.	.	.	.	.	.	.	.	.	.	.	.	.	.	.	.	.	.	.	.	.	.	.
resources/abricate/megares/P0790_PCD_20062024-0.tsv	4	.	.	.	.	.	.	94.56;95.63	.	.	80.40	.	92.74	99.76	.	.	.	.	.	.	.	.	.	.	.	.	.	.	.	.	.	.	.	.	.	.	.	.	.	.	.	.	.	.	.	.	.	.	.	.	.	.	.	.	.	.	.	.
resources/abricate/megares/P0790_PCD_27062022-0.tsv	4	.	.	.	.	.	.	95.63;94.56	.	.	80.40	.	92.74	99.76	.	.	.	.	.	.	.	.	.	.	.	.	.	.	.	.	.	.	.	.	.	.	.	.	.	.	.	.	.	.	.	.	.	.	.	.	.	.	.	.	.	.	.	.
resources/abricate/megares/P0790_PCD_27062022-1.tsv	4	.	.	.	.	.	.	95.63;94.56	.	.	80.40	.	92.74	99.76	.	.	.	.	.	.	.	.	.	.	.	.	.	.	.	.	.	.	.	.	.	.	.	.	.	.	.	.	.	.	.	.	.	.	.	.	.	.	.	.	.	.	.	.
resources/abricate/megares/P0790_PCD_28102024-0.tsv	4	.	.	.	.	.	.	94.56;95.63	.	.	80.40	.	92.74	99.76	.	.	.	.	.	.	.	.	.	.	.	.	.	.	.	.	.	.	.	.	.	.	.	.	.	.	.	.	.	.	.	.	.	.	.	.	.	.	.	.	.	.	.	.
resources/abricate/megares/P0890_PCD_08062021-0.tsv	4	.	.	.	.	.	.	94.13;95.89	.	.	80.50	.	93.97	99.76	.	.	.	.	.	.	.	.	.	.	.	.	.	.	.	.	.	.	.	.	.	.	.	.	.	.	.	.	.	.	.	.	.	.	.	.	.	.	.	.	.	.	.	.
resources/abricate/megares/P0890_PCD_18032022-0.tsv	4	.	.	.	.	.	.	95.89;94.13	.	.	80.50	.	93.97	99.76	.	.	.	.	.	.	.	.	.	.	.	.	.	.	.	.	.	.	.	.	.	.	.	.	.	.	.	.	.	.	.	.	.	.	.	.	.	.	.	.	.	.	.	.
resources/abricate/megares/P0890_PCD_27092023-0.tsv	4	.	.	.	.	.	.	95.89;94.13	.	.	80.50	.	93.97	99.76	.	.	.	.	.	.	.	.	.	.	.	.	.	.	.	.	.	.	.	.	.	.	.	.	.	.	.	.	.	.	.	.	.	.	.	.	.	.	.	.	.	.	.	.
resources/abricate/megares/P0890_PCD_31102022-0.tsv	4	.	.	.	.	.	.	94.13;95.89	.	.	80.50	.	93.97	99.76	.	.	.	.	.	.	.	.	.	.	.	.	.	.	.	.	.	.	.	.	.	.	.	.	.	.	.	.	.	.	.	.	.	.	.	.	.	.	.	.	.	.	.	.
resources/abricate/megares/P0890_PCD_31102022-1.tsv	4	.	.	.	.	.	.	95.89;94.13	.	.	80.50	.	93.97	99.76	.	.	.	.	.	.	.	.	.	.	.	.	.	.	.	.	.	.	.	.	.	.	.	.	.	.	.	.	.	.	.	.	.	.	.	.	.	.	.	.	.	.	.	.
resources/abricate/megares/P1090_PCD_23092021-0.tsv	4	.	.	.	.	.	.	94.64;95.83	.	.	80.34	.	93.17	99.76	.	.	.	.	.	.	.	.	.	.	.	.	.	.	.	.	.	.	.	.	.	.	.	.	.	.	.	.	.	.	.	.	.	.	.	.	.	.	.	.	.	.	.	.
resources/abricate/megares/P1490_PCD_09122016-0.tsv	4	.	.	.	.	.	.	98.21;98.25	.	.	81.04	.	98.78	96.37	.	.	.	.	.	.	.	.	.	.	.	.	.	.	.	.	.	.	.	.	.	.	.	.	.	.	.	.	.	.	.	.	.	.	.	.	.	.	.	.	.	.	.	.
resources/abricate/megares/P1490_PCD_27082020-0.tsv	2	.	.	.	.	.	.	87.46;83.09	.	.	.	.	80.57	.	.	.	.	.	.	.	.	.	.	.	.	.	.	.	.	.	.	.	.	.	.	.	.	.	.	.	.	.	.	.	.	.	.	.	.	.	.	.	.	.	.	.	.	.
resources/abricate/megares/P1590_PCD_10012022-0.tsv	3	.	.	.	.	.	.	89.30;84.83	.	.	80.63	.	84.44	.	.	.	.	.	.	.	.	.	.	.	.	.	.	.	.	.	.	.	.	.	.	.	.	.	.	.	.	.	.	.	.	.	.	.	.	.	.	.	.	.	.	.	.	.
resources/abricate/megares/P1890_PCD_04102022-0.tsv	3	.	.	.	.	.	.	88.25;84.48	.	.	80.36	.	81.65	.	.	.	.	.	.	.	.	.	.	.	.	.	.	.	.	.	.	.	.	.	.	.	.	.	.	.	.	.	.	.	.	.	.	.	.	.	.	.	.	.	.	.	.	.
resources/abricate/megares/P1890_PCD_22022022-0.tsv	3	.	.	.	.	.	.	88.25;84.48	.	.	80.36	.	81.65	.	.	.	.	.	.	.	.	.	.	.	.	.	.	.	.	.	.	.	.	.	.	.	.	.	.	.	.	.	.	.	.	.	.	.	.	.	.	.	.	.	.	.	.	.
resources/abricate/megares/P1990_PCD_15032024-0.tsv	3	.	.	.	.	.	.	89.52;84.64	.	.	80.70	.	84.37	.	.	.	.	.	.	.	.	.	.	.	.	.	.	.	.	.	.	.	.	.	.	.	.	.	.	.	.	.	.	.	.	.	.	.	.	.	.	.	.	.	.	.	.	.
resources/abricate/megares/P1990_PCD_24032022-0.tsv	3	.	.	.	.	.	.	89.52;84.64	.	.	80.70	.	84.37	.	.	.	.	.	.	.	.	.	.	.	.	.	.	.	.	.	.	.	.	.	.	.	.	.	.	.	.	.	.	.	.	.	.	.	.	.	.	.	.	.	.	.	.	.
resources/abricate/megares/P1990_PCD_28042023-0.tsv	3	.	.	.	.	.	.	89.52;84.64	.	.	80.70	.	84.37	.	.	.	.	.	.	.	.	.	.	.	.	.	.	.	.	.	.	.	.	.	.	.	.	.	.	.	.	.	.	.	.	.	.	.	.	.	.	.	.	.	.	.	.	.
resources/abricate/megares/P2090_PCD_03082020-0.tsv	3	.	.	.	.	.	.	95.89;94.47	.	.	.	.	93.82	99.28	.	.	.	.	.	.	.	.	.	.	.	.	.	.	.	.	.	.	.	.	.	.	.	.	.	.	.	.	.	.	.	.	.	.	.	.	.	.	.	.	.	.	.	.
resources/abricate/megares/P2090_PCD_15032023-0.tsv	3	.	.	.	.	.	.	95.89;94.47	.	.	.	.	93.82	99.28	.	.	.	.	.	.	.	.	.	.	.	.	.	.	.	.	.	.	.	.	.	.	.	.	.	.	.	.	.	.	.	.	.	.	.	.	.	.	.	.	.	.	.	.
resources/abricate/megares/P2090_PCD_17012024-0.tsv	4	.	.	.	.	.	.	94.47;95.89	.	.	80.37	.	93.82	99.28	.	.	.	.	.	.	.	.	.	.	.	.	.	.	.	.	.	.	.	.	.	.	.	.	.	.	.	.	.	.	.	.	.	.	.	.	.	.	.	.	.	.	.	.
resources/abricate/megares/P2090_PCD_18012021-0.tsv	4	.	.	.	.	.	.	94.47;95.89	.	.	80.37	.	93.82	99.28	.	.	.	.	.	.	.	.	.	.	.	.	.	.	.	.	.	.	.	.	.	.	.	.	.	.	.	.	.	.	.	.	.	.	.	.	.	.	.	.	.	.	.	.
resources/abricate/megares/P2090_PCD_22032022-0.tsv	4	.	.	.	.	.	.	95.89;94.47	.	.	80.37	.	93.82	99.28	.	.	.	.	.	.	.	.	.	.	.	.	.	.	.	.	.	.	.	.	.	.	.	.	.	.	.	.	.	.	.	.	.	.	.	.	.	.	.	.	.	.	.	.
resources/abricate/megares/P2590_PCD_02022023-0.tsv	5	.	.	99.89	.	.	.	95.92;94.30	.	.	80.43	.	93.17	100.00	.	.	.	.	.	.	.	.	.	.	.	.	.	.	.	.	.	.	.	.	.	.	.	.	.	.	.	.	.	.	.	.	.	.	.	.	.	.	.	.	.	.	.	.
resources/abricate/megares/P2590_PCD_03072024-0.tsv	5	.	.	99.89	.	.	.	95.92;94.30	.	.	80.43	.	93.17	100.00	.	.	.	.	.	.	.	.	.	.	.	.	.	.	.	.	.	.	.	.	.	.	.	.	.	.	.	.	.	.	.	.	.	.	.	.	.	.	.	.	.	.	.	.
resources/abricate/megares/P2590_PCD_12072023-0.tsv	5	.	.	99.89	.	.	.	95.92;94.30	.	.	80.43	.	93.17	100.00	.	.	.	.	.	.	.	.	.	.	.	.	.	.	.	.	.	.	.	.	.	.	.	.	.	.	.	.	.	.	.	.	.	.	.	.	.	.	.	.	.	.	.	.
resources/abricate/megares/P2590_PCD_29102019-0.tsv	4	.	.	.	.	.	.	94.39;95.95	.	.	80.37	.	93.97	100.00	.	.	.	.	.	.	.	.	.	.	.	.	.	.	.	.	.	.	.	.	.	.	.	.	.	.	.	.	.	.	.	.	.	.	.	.	.	.	.	.	.	.	.	.
resources/abricate/megares/P2690_PCD_05112019-0.tsv	4	.	.	.	.	.	.	94.47;95.83	.	.	80.37	.	93.82	99.64	.	.	.	.	.	.	.	.	.	.	.	.	.	.	.	.	.	.	.	.	.	.	.	.	.	.	.	.	.	.	.	.	.	.	.	.	.	.	.	.	.	.	.	.
resources/abricate/megares/P2790_PCD_09062020-0.tsv	5	.	.	99.78	.	.	.	94.30;95.89	.	.	80.30	.	93.97	99.88	.	.	.	.	.	.	.	.	.	.	.	.	.	.	.	.	.	.	.	.	.	.	.	.	.	.	.	.	.	.	.	.	.	.	.	.	.	.	.	.	.	.	.	.
resources/abricate/megares/P2890_PCD_12062020-0.tsv	5	.	.	100.00	.	.	.	95.86;94.56	.	.	80.37	.	93.68	100.00	.	.	.	.	.	.	.	.	.	.	.	.	.	.	.	.	.	.	.	.	.	.	.	.	.	.	.	.	.	.	.	.	.	.	.	.	.	.	.	.	.	.	.	.
resources/abricate/megares/P2990_PCD_14072020-0.tsv	4	.	.	.	.	.	.	95.79;94.22	.	.	80.34	.	93.89	99.64	.	.	.	.	.	.	.	.	.	.	.	.	.	.	.	.	.	.	.	.	.	.	.	.	.	.	.	.	.	.	.	.	.	.	.	.	.	.	.	.	.	.	.	.
resources/abricate/megares/P2990_PCD_20012023-0.tsv	4	.	.	.	.	.	.	95.79;94.22	.	.	80.34	.	93.89	99.64	.	.	.	.	.	.	.	.	.	.	.	.	.	.	.	.	.	.	.	.	.	.	.	.	.	.	.	.	.	.	.	.	.	.	.	.	.	.	.	.	.	.	.	.
resources/abricate/megares/P3090_PCD_20072020-0.tsv	4	.	.	.	.	.	.	95.95;93.96	.	.	80.37	.	93.89	99.88	.	.	.	.	.	.	.	.	.	.	.	.	.	.	.	.	.	.	.	.	.	.	.	.	.	.	.	.	.	.	.	.	.	.	.	.	.	.	.	.	.	.	.	.
resources/abricate/megares/P3390_PCD_08032024-0.tsv	4	.	.	.	.	.	.	99.23;99.20	.	.	80.98	.	99.21	98.31	.	.	.	.	.	.	.	.	.	.	.	.	.	.	.	.	.	.	.	.	.	.	.	.	.	.	.	.	.	.	.	.	.	.	.	.	.	.	.	.	.	.	.	.
resources/abricate/megares/P3390_PCD_19082024-0.tsv	3	.	.	.	.	.	.	95.41;94.05	.	.	80.17	.	94.54	.	.	.	.	.	.	.	.	.	.	.	.	.	.	.	.	.	.	.	.	.	.	.	.	.	.	.	.	.	.	.	.	.	.	.	.	.	.	.	.	.	.	.	.	.
resources/abricate/megares/P3390_PCD_30092020-0.tsv	3	.	.	.	.	.	.	95.41;94.05	.	.	80.17	.	94.54	.	.	.	.	.	.	.	.	.	.	.	.	.	.	.	.	.	.	.	.	.	.	.	.	.	.	.	.	.	.	.	.	.	.	.	.	.	.	.	.	.	.	.	.	.
resources/abricate/megares/P3490_PCD_21022022-0.tsv	3	.	.	.	.	.	.	84.31;88.18	.	.	80.24	.	82.02	.	.	.	.	.	.	.	.	.	.	.	.	.	.	.	.	.	.	.	.	.	.	.	.	.	.	.	.	.	.	.	.	.	.	.	.	.	.	.	.	.	.	.	.	.
resources/abricate/megares/P3590_PCD_20052022-0.tsv	0	.	.	.	.	.	.	.	.	.	.	.	.	.	.	.	.	.	.	.	.	.	.	.	.	.	.	.	.	.	.	.	.	.	.	.	.	.	.	.	.	.	.	.	.	.	.	.	.	.	.	.	.	.	.	.	.	.
resources/abricate/megares/P3890_PCD_24082022-0.tsv	2	.	.	.	.	.	.	89.10;83.51	.	.	.	.	83.12	.	.	.	.	.	.	.	.	.	.	.	.	.	.	.	.	.	.	.	.	.	.	.	.	.	.	.	.	.	.	.	.	.	.	.	.	.	.	.	.	.	.	.	.	.
resources/abricate/megares/P4290_PCD_08032024-0.tsv	4	.	.	.	.	.	.	95.57;94.47	.	.	80.34	.	93.82	99.40	.	.	.	.	.	.	.	.	.	.	.	.	.	.	.	.	.	.	.	.	.	.	.	.	.	.	.	.	.	.	.	.	.	.	.	.	.	.	.	.	.	.	.	.
resources/abricate/megares/P4290_PCD_28112022-0.tsv	4	.	.	.	.	.	.	95.57;94.47	.	.	80.34	.	93.82	99.40	.	.	.	.	.	.	.	.	.	.	.	.	.	.	.	.	.	.	.	.	.	.	.	.	.	.	.	.	.	.	.	.	.	.	.	.	.	.	.	.	.	.	.	.
resources/abricate/megares/P5590_PCD_20032024-0.tsv	2	.	.	.	.	.	.	84.24;90.25	.	.	.	.	84.76	.	.	.	.	.	.	.	.	.	.	.	.	.	.	.	.	.	.	.	.	.	.	.	.	.	.	.	.	.	.	.	.	.	.	.	.	.	.	.	.	.	.	.	.	.
resources/abricate/megares/P5590_PCD_26072024-0.tsv	2	.	.	.	.	.	.	84.24;90.25	.	.	.	.	84.76	.	.	.	.	.	.	.	.	.	.	.	.	.	.	.	.	.	.	.	.	.	.	.	.	.	.	.	.	.	.	.	.	.	.	.	.	.	.	.	.	.	.	.	.	.
resources/abricate/megares/P5690_PCD_11062024-0.tsv	2	.	.	.	.	.	.	83.86;89.07	.	.	.	.	82.90	.	.	.	.	.	.	.	.	.	.	.	.	.	.	.	.	.	.	.	.	.	.	.	.	.	.	.	.	.	.	.	.	.	.	.	.	.	.	.	.	.	.	.	.	.
resources/abricate/megares/P5890_PCD_24062024-0.tsv	4	.	.	.	.	.	.	93.79;95.70	.	.	80.40	.	92.82	99.03	.	.	.	.	.	.	.	.	.	.	.	.	.	.	.	.	.	.	.	.	.	.	.	.	.	.	.	.	.	.	.	.	.	.	.	.	.	.	.	.	.	.	.	.
resources/abricate/ncbi/P0290_PCD_28022016-0.tsv	0	.	.	.	.	.	.	.	.	.	.	.	.	.	.	.	.	.	.	.	.	.	.	.	.	.	.	.	.	.	.	.	.	.	.	.	.	.	.	.	.	.	.	.	.	.	.	.	.	.	.	.	.	.	.	.	.	.
resources/abricate/ncbi/P0290_PCD_28022016-1.tsv	0	.	.	.	.	.	.	.	.	.	.	.	.	.	.	.	.	.	.	.	.	.	.	.	.	.	.	.	.	.	.	.	.	.	.	.	.	.	.	.	.	.	.	.	.	.	.	.	.	.	.	.	.	.	.	.	.	.
resources/abricate/ncbi/P0690_PCD_10122023-0.tsv	2	.	.	.	.	.	.	.	.	.	.	.	.	.	.	.	.	.	.	.	.	.	.	.	.	.	.	.	.	.	87.95	.	.	100.00	.	.	.	.	.	.	.	.	.	.	.	.	.	.	.	.	.	.	.	.	.	.	.	.
resources/abricate/ncbi/P0690_PCD_14042023-0.tsv	2	.	.	.	.	.	.	.	.	.	.	.	.	.	.	.	.	.	.	.	.	.	.	.	.	.	.	.	.	.	87.95	.	.	100.00	.	.	.	.	.	.	.	.	.	.	.	.	.	.	.	.	.	.	.	.	.	.	.	.
resources/abricate/ncbi/P0690_PCD_18022022-0.tsv	2	.	.	.	.	.	.	.	.	.	.	.	.	.	.	.	.	.	.	.	.	.	.	.	.	.	.	.	.	.	87.95	.	.	100.00	.	.	.	.	.	.	.	.	.	.	.	.	.	.	.	.	.	.	.	.	.	.	.	.
resources/abricate/ncbi/P0690_PCD_19072024-0.tsv	2	.	.	.	.	.	.	.	.	.	.	.	.	.	.	.	.	.	.	.	.	.	.	.	.	.	.	.	.	.	87.95	.	.	100.00	.	.	.	.	.	.	.	.	.	.	.	.	.	.	.	.	.	.	.	.	.	.	.	.
resources/abricate/ncbi/P0690_PCD_29012021-0.tsv	2	.	.	.	.	.	.	.	.	.	.	.	.	.	.	.	.	.	.	.	.	.	.	.	.	.	.	.	.	.	87.95	.	.	100.00	.	.	.	.	.	.	.	.	.	.	.	.	.	.	.	.	.	.	.	.	.	.	.	.
resources/abricate/ncbi/P0790_PCD_07012022-0.tsv	2	.	.	.	.	.	.	.	.	.	.	.	.	.	.	.	.	.	.	.	.	.	.	.	.	.	.	.	.	93.44	.	.	.	.	.	.	.	.	.	99.76	.	.	.	.	.	.	.	.	.	.	.	.	.	.	.	.	.	.
resources/abricate/ncbi/P0790_PCD_19052020-0.tsv	2	.	.	.	.	.	.	.	.	.	.	.	.	.	.	.	.	.	.	.	.	.	.	.	.	.	.	.	.	93.44	.	.	.	.	.	.	.	.	.	99.76	.	.	.	.	.	.	.	.	.	.	.	.	.	.	.	.	.	.
resources/abricate/ncbi/P0790_PCD_20062024-0.tsv	2	.	.	.	.	.	.	.	.	.	.	.	.	.	.	.	.	.	.	.	.	.	.	.	.	.	.	.	.	93.44	.	.	.	.	.	.	.	.	.	99.76	.	.	.	.	.	.	.	.	.	.	.	.	.	.	.	.	.	.
resources/abricate/ncbi/P0790_PCD_27062022-0.tsv	2	.	.	.	.	.	.	.	.	.	.	.	.	.	.	.	.	.	.	.	.	.	.	.	.	.	.	.	.	93.44	.	.	.	.	.	.	.	.	.	99.76	.	.	.	.	.	.	.	.	.	.	.	.	.	.	.	.	.	.
resources/abricate/ncbi/P0790_PCD_27062022-1.tsv	2	.	.	.	.	.	.	.	.	.	.	.	.	.	.	.	.	.	.	.	.	.	.	.	.	.	.	.	.	93.44	.	.	.	.	.	.	.	.	.	99.76	.	.	.	.	.	.	.	.	.	.	.	.	.	.	.	.	.	.
resources/abricate/ncbi/P0790_PCD_28102024-0.tsv	2	.	.	.	.	.	.	.	.	.	.	.	.	.	.	.	.	.	.	.	.	.	.	.	.	.	.	.	.	93.44	.	.	.	.	.	.	.	.	.	99.76	.	.	.	.	.	.	.	.	.	.	.	.	.	.	.	.	.	.
resources/abricate/ncbi/P0890_PCD_08062021-0.tsv	2	.	.	.	.	.	.	.	.	.	.	.	.	.	.	.	.	.	.	.	.	.	.	.	.	.	.	.	.	93.35	.	.	.	99.76	.	.	.	.	.	.	.	.	.	.	.	.	.	.	.	.	.	.	.	.	.	.	.	.
resources/abricate/ncbi/P0890_PCD_18032022-0.tsv	2	.	.	.	.	.	.	.	.	.	.	.	.	.	.	.	.	.	.	.	.	.	.	.	.	.	.	.	.	93.35	.	.	.	99.76	.	.	.	.	.	.	.	.	.	.	.	.	.	.	.	.	.	.	.	.	.	.	.	.
resources/abricate/ncbi/P0890_PCD_27092023-0.tsv	2	.	.	.	.	.	.	.	.	.	.	.	.	.	.	.	.	.	.	.	.	.	.	.	.	.	.	.	.	93.35	.	.	.	99.76	.	.	.	.	.	.	.	.	.	.	.	.	.	.	.	.	.	.	.	.	.	.	.	.
resources/abricate/ncbi/P0890_PCD_31102022-0.tsv	2	.	.	.	.	.	.	.	.	.	.	.	.	.	.	.	.	.	.	.	.	.	.	.	.	.	.	.	.	93.35	.	.	.	99.76	.	.	.	.	.	.	.	.	.	.	.	.	.	.	.	.	.	.	.	.	.	.	.	.
resources/abricate/ncbi/P0890_PCD_31102022-1.tsv	2	.	.	.	.	.	.	.	.	.	.	.	.	.	.	.	.	.	.	.	.	.	.	.	.	.	.	.	.	93.35	.	.	.	99.76	.	.	.	.	.	.	.	.	.	.	.	.	.	.	.	.	.	.	.	.	.	.	.	.
resources/abricate/ncbi/P1090_PCD_23092021-0.tsv	2	.	.	.	.	.	.	.	.	.	.	.	.	.	.	.	.	.	.	.	.	.	.	.	.	.	.	.	.	93.44	.	.	.	.	.	99.76	.	.	.	.	.	.	.	.	.	.	.	.	.	.	.	.	.	.	.	.	.	.
resources/abricate/ncbi/P1490_PCD_09122016-0.tsv	2	.	.	.	.	.	.	.	.	.	.	.	.	.	.	.	.	.	.	.	.	.	.	.	.	.	.	.	.	93.04	.	.	.	.	.	.	.	.	.	.	.	.	.	.	.	96.37	.	.	.	.	.	.	.	.	.	.	.	.
resources/abricate/ncbi/P1490_PCD_27082020-0.tsv	0	.	.	.	.	.	.	.	.	.	.	.	.	.	.	.	.	.	.	.	.	.	.	.	.	.	.	.	.	.	.	.	.	.	.	.	.	.	.	.	.	.	.	.	.	.	.	.	.	.	.	.	.	.	.	.	.	.
resources/abricate/ncbi/P1590_PCD_10012022-0.tsv	0	.	.	.	.	.	.	.	.	.	.	.	.	.	.	.	.	.	.	.	.	.	.	.	.	.	.	.	.	.	.	.	.	.	.	.	.	.	.	.	.	.	.	.	.	.	.	.	.	.	.	.	.	.	.	.	.	.
resources/abricate/ncbi/P1890_PCD_04102022-0.tsv	0	.	.	.	.	.	.	.	.	.	.	.	.	.	.	.	.	.	.	.	.	.	.	.	.	.	.	.	.	.	.	.	.	.	.	.	.	.	.	.	.	.	.	.	.	.	.	.	.	.	.	.	.	.	.	.	.	.
resources/abricate/ncbi/P1890_PCD_22022022-0.tsv	0	.	.	.	.	.	.	.	.	.	.	.	.	.	.	.	.	.	.	.	.	.	.	.	.	.	.	.	.	.	.	.	.	.	.	.	.	.	.	.	.	.	.	.	.	.	.	.	.	.	.	.	.	.	.	.	.	.
resources/abricate/ncbi/P1990_PCD_15032024-0.tsv	1	.	.	.	.	.	.	.	.	.	.	.	.	.	.	.	.	.	.	.	.	.	.	.	.	.	.	80.05	.	.	.	.	.	.	.	.	.	.	.	.	.	.	.	.	.	.	.	.	.	.	.	.	.	.	.	.	.	.
resources/abricate/ncbi/P1990_PCD_24032022-0.tsv	1	.	.	.	.	.	.	.	.	.	.	.	.	.	.	.	.	.	.	.	.	.	.	.	.	.	.	80.05	.	.	.	.	.	.	.	.	.	.	.	.	.	.	.	.	.	.	.	.	.	.	.	.	.	.	.	.	.	.
resources/abricate/ncbi/P1990_PCD_28042023-0.tsv	1	.	.	.	.	.	.	.	.	.	.	.	.	.	.	.	.	.	.	.	.	.	.	.	.	.	.	80.05	.	.	.	.	.	.	.	.	.	.	.	.	.	.	.	.	.	.	.	.	.	.	.	.	.	.	.	.	.	.
resources/abricate/ncbi/P2090_PCD_03082020-0.tsv	2	.	.	.	.	.	.	.	.	.	.	.	.	.	.	.	.	.	.	.	.	.	.	.	.	.	.	.	.	93.44	.	.	.	.	.	.	.	.	.	.	.	.	99.28	.	.	.	.	.	.	.	.	.	.	.	.	.	.	.
resources/abricate/ncbi/P2090_PCD_15032023-0.tsv	2	.	.	.	.	.	.	.	.	.	.	.	.	.	.	.	.	.	.	.	.	.	.	.	.	.	.	.	.	93.44	.	.	.	.	.	.	.	.	.	.	.	.	99.28	.	.	.	.	.	.	.	.	.	.	.	.	.	.	.
resources/abricate/ncbi/P2090_PCD_17012024-0.tsv	2	.	.	.	.	.	.	.	.	.	.	.	.	.	.	.	.	.	.	.	.	.	.	.	.	.	.	.	.	93.44	.	.	.	.	.	.	.	.	.	.	.	.	99.28	.	.	.	.	.	.	.	.	.	.	.	.	.	.	.
resources/abricate/ncbi/P2090_PCD_18012021-0.tsv	2	.	.	.	.	.	.	.	.	.	.	.	.	.	.	.	.	.	.	.	.	.	.	.	.	.	.	.	.	93.44	.	.	.	.	.	.	.	.	.	.	.	.	99.28	.	.	.	.	.	.	.	.	.	.	.	.	.	.	.
resources/abricate/ncbi/P2090_PCD_22032022-0.tsv	2	.	.	.	.	.	.	.	.	.	.	.	.	.	.	.	.	.	.	.	.	.	.	.	.	.	.	.	.	93.44	.	.	.	.	.	.	.	.	.	.	.	.	99.28	.	.	.	.	.	.	.	.	.	.	.	.	.	.	.
resources/abricate/ncbi/P2590_PCD_02022023-0.tsv	3	.	.	.	.	.	.	.	.	.	.	.	.	.	.	.	.	.	.	.	.	.	.	.	.	.	.	.	100.00	93.26	.	.	.	.	.	.	.	.	.	.	.	100.00	.	.	.	.	.	.	.	.	.	.	.	.	.	.	.	.
resources/abricate/ncbi/P2590_PCD_03072024-0.tsv	3	.	.	.	.	.	.	.	.	.	.	.	.	.	.	.	.	.	.	.	.	.	.	.	.	.	.	.	100.00	93.26	.	.	.	.	.	.	.	.	.	.	.	100.00	.	.	.	.	.	.	.	.	.	.	.	.	.	.	.	.
resources/abricate/ncbi/P2590_PCD_12072023-0.tsv	3	.	.	.	.	.	.	.	.	.	.	.	.	.	.	.	.	.	.	.	.	.	.	.	.	.	.	.	100.00	93.26	.	.	.	.	.	.	.	.	.	.	.	100.00	.	.	.	.	.	.	.	.	.	.	.	.	.	.	.	.
resources/abricate/ncbi/P2590_PCD_29102019-0.tsv	2	.	.	.	.	.	.	.	.	.	.	.	.	.	.	.	.	.	.	.	.	.	.	.	.	.	.	.	.	93.30	.	.	.	.	.	100.00	.	.	.	.	.	.	.	.	.	.	.	.	.	.	.	.	.	.	.	.	.	.
resources/abricate/ncbi/P2690_PCD_05112019-0.tsv	2	.	.	.	.	.	.	.	.	.	.	.	.	.	.	.	.	.	.	.	.	.	.	.	.	.	.	.	.	92.66	.	.	.	.	.	.	.	.	.	.	.	.	.	99.64	.	.	.	.	.	.	.	.	.	.	.	.	.	.
resources/abricate/ncbi/P2790_PCD_09062020-0.tsv	3	.	.	.	.	.	.	.	.	.	.	.	.	.	.	.	.	.	.	.	.	.	.	.	.	.	99.78	.	.	93.17	.	.	.	.	.	.	.	.	.	.	.	.	.	.	99.88	.	.	.	.	.	.	.	.	.	.	.	.	.
resources/abricate/ncbi/P2890_PCD_12062020-0.tsv	3	.	.	.	.	.	.	.	.	.	.	.	.	.	.	.	.	.	.	.	.	.	.	.	.	.	100.00	.	.	.	91.51	.	.	.	.	.	.	.	.	100.00	.	.	.	.	.	.	.	.	.	.	.	.	.	.	.	.	.	.
resources/abricate/ncbi/P2990_PCD_14072020-0.tsv	2	.	.	.	.	.	.	.	.	.	.	.	.	.	.	.	.	.	.	.	.	.	.	.	.	.	.	.	.	.	87.95	99.64	.	.	.	.	.	.	.	.	.	.	.	.	.	.	.	.	.	.	.	.	.	.	.	.	.	.
resources/abricate/ncbi/P2990_PCD_20012023-0.tsv	2	.	.	.	.	.	.	.	.	.	.	.	.	.	.	.	.	.	.	.	.	.	.	.	.	.	.	.	.	.	87.95	99.64	.	.	.	.	.	.	.	.	.	.	.	.	.	.	.	.	.	.	.	.	.	.	.	.	.	.
resources/abricate/ncbi/P3090_PCD_20072020-0.tsv	2	.	.	.	.	.	.	.	.	.	.	.	.	.	.	.	.	.	.	.	.	.	.	.	.	.	.	.	.	92.39	.	.	.	.	.	.	.	99.88	.	.	.	.	.	.	.	.	.	.	.	.	.	.	.	.	.	.	.	.
resources/abricate/ncbi/P3390_PCD_08032024-0.tsv	2	.	.	.	.	.	.	.	.	.	.	.	.	.	.	.	.	.	.	.	.	.	.	.	.	.	.	.	.	92.36	.	.	.	.	.	.	.	.	.	.	.	.	.	.	.	98.31	.	.	.	.	.	.	.	.	.	.	.	.
resources/abricate/ncbi/P3390_PCD_19082024-0.tsv	1	.	.	.	.	.	.	.	.	.	.	.	.	.	.	.	.	.	.	.	.	.	.	.	.	.	.	.	.	92.25	.	.	.	.	.	.	.	.	.	.	.	.	.	.	.	.	.	.	.	.	.	.	.	.	.	.	.	.
resources/abricate/ncbi/P3390_PCD_30092020-0.tsv	1	.	.	.	.	.	.	.	.	.	.	.	.	.	.	.	.	.	.	.	.	.	.	.	.	.	.	.	.	92.25	.	.	.	.	.	.	.	.	.	.	.	.	.	.	.	.	.	.	.	.	.	.	.	.	.	.	.	.
resources/abricate/ncbi/P3490_PCD_21022022-0.tsv	0	.	.	.	.	.	.	.	.	.	.	.	.	.	.	.	.	.	.	.	.	.	.	.	.	.	.	.	.	.	.	.	.	.	.	.	.	.	.	.	.	.	.	.	.	.	.	.	.	.	.	.	.	.	.	.	.	.
resources/abricate/ncbi/P3590_PCD_20052022-0.tsv	0	.	.	.	.	.	.	.	.	.	.	.	.	.	.	.	.	.	.	.	.	.	.	.	.	.	.	.	.	.	.	.	.	.	.	.	.	.	.	.	.	.	.	.	.	.	.	.	.	.	.	.	.	.	.	.	.	.
resources/abricate/ncbi/P3890_PCD_24082022-0.tsv	0	.	.	.	.	.	.	.	.	.	.	.	.	.	.	.	.	.	.	.	.	.	.	.	.	.	.	.	.	.	.	.	.	.	.	.	.	.	.	.	.	.	.	.	.	.	.	.	.	.	.	.	.	.	.	.	.	.
resources/abricate/ncbi/P4290_PCD_08032024-0.tsv	2	.	.	.	.	.	.	.	.	.	.	.	.	.	.	.	.	.	.	.	.	.	.	.	.	.	.	.	.	93.26	.	.	.	.	.	.	.	.	.	.	.	99.40	.	.	.	.	.	.	.	.	.	.	.	.	.	.	.	.
resources/abricate/ncbi/P4290_PCD_28112022-0.tsv	2	.	.	.	.	.	.	.	.	.	.	.	.	.	.	.	.	.	.	.	.	.	.	.	.	.	.	.	.	93.26	.	.	.	.	.	.	.	.	.	.	.	99.40	.	.	.	.	.	.	.	.	.	.	.	.	.	.	.	.
resources/abricate/ncbi/P5590_PCD_20032024-0.tsv	0	.	.	.	.	.	.	.	.	.	.	.	.	.	.	.	.	.	.	.	.	.	.	.	.	.	.	.	.	.	.	.	.	.	.	.	.	.	.	.	.	.	.	.	.	.	.	.	.	.	.	.	.	.	.	.	.	.
resources/abricate/ncbi/P5590_PCD_26072024-0.tsv	0	.	.	.	.	.	.	.	.	.	.	.	.	.	.	.	.	.	.	.	.	.	.	.	.	.	.	.	.	.	.	.	.	.	.	.	.	.	.	.	.	.	.	.	.	.	.	.	.	.	.	.	.	.	.	.	.	.
resources/abricate/ncbi/P5690_PCD_11062024-0.tsv	0	.	.	.	.	.	.	.	.	.	.	.	.	.	.	.	.	.	.	.	.	.	.	.	.	.	.	.	.	.	.	.	.	.	.	.	.	.	.	.	.	.	.	.	.	.	.	.	.	.	.	.	.	.	.	.	.	.
resources/abricate/ncbi/P5890_PCD_24062024-0.tsv	2	.	.	.	.	.	.	.	.	.	.	.	.	.	.	.	.	.	.	.	.	.	.	.	.	.	.	.	.	.	87.66	.	.	.	.	.	.	.	.	.	.	.	.	99.03	.	.	.	.	.	.	.	.	.	.	.	.	.	.
resources/abricate/plasmidfinder/P0290_PCD_28022016-0.tsv	0	.	.	.	.	.	.	.	.	.	.	.	.	.	.	.	.	.	.	.	.	.	.	.	.	.	.	.	.	.	.	.	.	.	.	.	.	.	.	.	.	.	.	.	.	.	.	.	.	.	.	.	.	.	.	.	.	.
resources/abricate/plasmidfinder/P0290_PCD_28022016-1.tsv	0	.	.	.	.	.	.	.	.	.	.	.	.	.	.	.	.	.	.	.	.	.	.	.	.	.	.	.	.	.	.	.	.	.	.	.	.	.	.	.	.	.	.	.	.	.	.	.	.	.	.	.	.	.	.	.	.	.
resources/abricate/plasmidfinder/P0690_PCD_10122023-0.tsv	0	.	.	.	.	.	.	.	.	.	.	.	.	.	.	.	.	.	.	.	.	.	.	.	.	.	.	.	.	.	.	.	.	.	.	.	.	.	.	.	.	.	.	.	.	.	.	.	.	.	.	.	.	.	.	.	.	.
resources/abricate/plasmidfinder/P0690_PCD_14042023-0.tsv	0	.	.	.	.	.	.	.	.	.	.	.	.	.	.	.	.	.	.	.	.	.	.	.	.	.	.	.	.	.	.	.	.	.	.	.	.	.	.	.	.	.	.	.	.	.	.	.	.	.	.	.	.	.	.	.	.	.
resources/abricate/plasmidfinder/P0690_PCD_18022022-0.tsv	0	.	.	.	.	.	.	.	.	.	.	.	.	.	.	.	.	.	.	.	.	.	.	.	.	.	.	.	.	.	.	.	.	.	.	.	.	.	.	.	.	.	.	.	.	.	.	.	.	.	.	.	.	.	.	.	.	.
resources/abricate/plasmidfinder/P0690_PCD_19072024-0.tsv	0	.	.	.	.	.	.	.	.	.	.	.	.	.	.	.	.	.	.	.	.	.	.	.	.	.	.	.	.	.	.	.	.	.	.	.	.	.	.	.	.	.	.	.	.	.	.	.	.	.	.	.	.	.	.	.	.	.
resources/abricate/plasmidfinder/P0690_PCD_29012021-0.tsv	0	.	.	.	.	.	.	.	.	.	.	.	.	.	.	.	.	.	.	.	.	.	.	.	.	.	.	.	.	.	.	.	.	.	.	.	.	.	.	.	.	.	.	.	.	.	.	.	.	.	.	.	.	.	.	.	.	.
resources/abricate/plasmidfinder/P0790_PCD_07012022-0.tsv	0	.	.	.	.	.	.	.	.	.	.	.	.	.	.	.	.	.	.	.	.	.	.	.	.	.	.	.	.	.	.	.	.	.	.	.	.	.	.	.	.	.	.	.	.	.	.	.	.	.	.	.	.	.	.	.	.	.
resources/abricate/plasmidfinder/P0790_PCD_19052020-0.tsv	0	.	.	.	.	.	.	.	.	.	.	.	.	.	.	.	.	.	.	.	.	.	.	.	.	.	.	.	.	.	.	.	.	.	.	.	.	.	.	.	.	.	.	.	.	.	.	.	.	.	.	.	.	.	.	.	.	.
resources/abricate/plasmidfinder/P0790_PCD_20062024-0.tsv	0	.	.	.	.	.	.	.	.	.	.	.	.	.	.	.	.	.	.	.	.	.	.	.	.	.	.	.	.	.	.	.	.	.	.	.	.	.	.	.	.	.	.	.	.	.	.	.	.	.	.	.	.	.	.	.	.	.
resources/abricate/plasmidfinder/P0790_PCD_27062022-0.tsv	0	.	.	.	.	.	.	.	.	.	.	.	.	.	.	.	.	.	.	.	.	.	.	.	.	.	.	.	.	.	.	.	.	.	.	.	.	.	.	.	.	.	.	.	.	.	.	.	.	.	.	.	.	.	.	.	.	.
resources/abricate/plasmidfinder/P0790_PCD_27062022-1.tsv	0	.	.	.	.	.	.	.	.	.	.	.	.	.	.	.	.	.	.	.	.	.	.	.	.	.	.	.	.	.	.	.	.	.	.	.	.	.	.	.	.	.	.	.	.	.	.	.	.	.	.	.	.	.	.	.	.	.
resources/abricate/plasmidfinder/P0790_PCD_28102024-0.tsv	0	.	.	.	.	.	.	.	.	.	.	.	.	.	.	.	.	.	.	.	.	.	.	.	.	.	.	.	.	.	.	.	.	.	.	.	.	.	.	.	.	.	.	.	.	.	.	.	.	.	.	.	.	.	.	.	.	.
resources/abricate/plasmidfinder/P0890_PCD_08062021-0.tsv	0	.	.	.	.	.	.	.	.	.	.	.	.	.	.	.	.	.	.	.	.	.	.	.	.	.	.	.	.	.	.	.	.	.	.	.	.	.	.	.	.	.	.	.	.	.	.	.	.	.	.	.	.	.	.	.	.	.
resources/abricate/plasmidfinder/P0890_PCD_18032022-0.tsv	0	.	.	.	.	.	.	.	.	.	.	.	.	.	.	.	.	.	.	.	.	.	.	.	.	.	.	.	.	.	.	.	.	.	.	.	.	.	.	.	.	.	.	.	.	.	.	.	.	.	.	.	.	.	.	.	.	.
resources/abricate/plasmidfinder/P0890_PCD_27092023-0.tsv	0	.	.	.	.	.	.	.	.	.	.	.	.	.	.	.	.	.	.	.	.	.	.	.	.	.	.	.	.	.	.	.	.	.	.	.	.	.	.	.	.	.	.	.	.	.	.	.	.	.	.	.	.	.	.	.	.	.
resources/abricate/plasmidfinder/P0890_PCD_31102022-0.tsv	0	.	.	.	.	.	.	.	.	.	.	.	.	.	.	.	.	.	.	.	.	.	.	.	.	.	.	.	.	.	.	.	.	.	.	.	.	.	.	.	.	.	.	.	.	.	.	.	.	.	.	.	.	.	.	.	.	.
resources/abricate/plasmidfinder/P0890_PCD_31102022-1.tsv	0	.	.	.	.	.	.	.	.	.	.	.	.	.	.	.	.	.	.	.	.	.	.	.	.	.	.	.	.	.	.	.	.	.	.	.	.	.	.	.	.	.	.	.	.	.	.	.	.	.	.	.	.	.	.	.	.	.
resources/abricate/plasmidfinder/P1090_PCD_23092021-0.tsv	0	.	.	.	.	.	.	.	.	.	.	.	.	.	.	.	.	.	.	.	.	.	.	.	.	.	.	.	.	.	.	.	.	.	.	.	.	.	.	.	.	.	.	.	.	.	.	.	.	.	.	.	.	.	.	.	.	.
resources/abricate/plasmidfinder/P1490_PCD_09122016-0.tsv	0	.	.	.	.	.	.	.	.	.	.	.	.	.	.	.	.	.	.	.	.	.	.	.	.	.	.	.	.	.	.	.	.	.	.	.	.	.	.	.	.	.	.	.	.	.	.	.	.	.	.	.	.	.	.	.	.	.
resources/abricate/plasmidfinder/P1490_PCD_27082020-0.tsv	0	.	.	.	.	.	.	.	.	.	.	.	.	.	.	.	.	.	.	.	.	.	.	.	.	.	.	.	.	.	.	.	.	.	.	.	.	.	.	.	.	.	.	.	.	.	.	.	.	.	.	.	.	.	.	.	.	.
resources/abricate/plasmidfinder/P1590_PCD_10012022-0.tsv	0	.	.	.	.	.	.	.	.	.	.	.	.	.	.	.	.	.	.	.	.	.	.	.	.	.	.	.	.	.	.	.	.	.	.	.	.	.	.	.	.	.	.	.	.	.	.	.	.	.	.	.	.	.	.	.	.	.
resources/abricate/plasmidfinder/P1890_PCD_04102022-0.tsv	0	.	.	.	.	.	.	.	.	.	.	.	.	.	.	.	.	.	.	.	.	.	.	.	.	.	.	.	.	.	.	.	.	.	.	.	.	.	.	.	.	.	.	.	.	.	.	.	.	.	.	.	.	.	.	.	.	.
resources/abricate/plasmidfinder/P1890_PCD_22022022-0.tsv	0	.	.	.	.	.	.	.	.	.	.	.	.	.	.	.	.	.	.	.	.	.	.	.	.	.	.	.	.	.	.	.	.	.	.	.	.	.	.	.	.	.	.	.	.	.	.	.	.	.	.	.	.	.	.	.	.	.
resources/abricate/plasmidfinder/P1990_PCD_15032024-0.tsv	1	.	.	.	.	.	.	.	.	.	.	82.13	.	.	.	.	.	.	.	.	.	.	.	.	.	.	.	.	.	.	.	.	.	.	.	.	.	.	.	.	.	.	.	.	.	.	.	.	.	.	.	.	.	.	.	.	.	.
resources/abricate/plasmidfinder/P1990_PCD_24032022-0.tsv	1	.	.	.	.	.	.	.	.	.	.	82.13	.	.	.	.	.	.	.	.	.	.	.	.	.	.	.	.	.	.	.	.	.	.	.	.	.	.	.	.	.	.	.	.	.	.	.	.	.	.	.	.	.	.	.	.	.	.
resources/abricate/plasmidfinder/P1990_PCD_28042023-0.tsv	1	.	.	.	.	.	.	.	.	.	.	82.13	.	.	.	.	.	.	.	.	.	.	.	.	.	.	.	.	.	.	.	.	.	.	.	.	.	.	.	.	.	.	.	.	.	.	.	.	.	.	.	.	.	.	.	.	.	.
resources/abricate/plasmidfinder/P2090_PCD_03082020-0.tsv	0	.	.	.	.	.	.	.	.	.	.	.	.	.	.	.	.	.	.	.	.	.	.	.	.	.	.	.	.	.	.	.	.	.	.	.	.	.	.	.	.	.	.	.	.	.	.	.	.	.	.	.	.	.	.	.	.	.
resources/abricate/plasmidfinder/P2090_PCD_15032023-0.tsv	0	.	.	.	.	.	.	.	.	.	.	.	.	.	.	.	.	.	.	.	.	.	.	.	.	.	.	.	.	.	.	.	.	.	.	.	.	.	.	.	.	.	.	.	.	.	.	.	.	.	.	.	.	.	.	.	.	.
resources/abricate/plasmidfinder/P2090_PCD_17012024-0.tsv	0	.	.	.	.	.	.	.	.	.	.	.	.	.	.	.	.	.	.	.	.	.	.	.	.	.	.	.	.	.	.	.	.	.	.	.	.	.	.	.	.	.	.	.	.	.	.	.	.	.	.	.	.	.	.	.	.	.
resources/abricate/plasmidfinder/P2090_PCD_18012021-0.tsv	0	.	.	.	.	.	.	.	.	.	.	.	.	.	.	.	.	.	.	.	.	.	.	.	.	.	.	.	.	.	.	.	.	.	.	.	.	.	.	.	.	.	.	.	.	.	.	.	.	.	.	.	.	.	.	.	.	.
resources/abricate/plasmidfinder/P2090_PCD_22032022-0.tsv	0	.	.	.	.	.	.	.	.	.	.	.	.	.	.	.	.	.	.	.	.	.	.	.	.	.	.	.	.	.	.	.	.	.	.	.	.	.	.	.	.	.	.	.	.	.	.	.	.	.	.	.	.	.	.	.	.	.
resources/abricate/plasmidfinder/P2590_PCD_02022023-0.tsv	0	.	.	.	.	.	.	.	.	.	.	.	.	.	.	.	.	.	.	.	.	.	.	.	.	.	.	.	.	.	.	.	.	.	.	.	.	.	.	.	.	.	.	.	.	.	.	.	.	.	.	.	.	.	.	.	.	.
resources/abricate/plasmidfinder/P2590_PCD_03072024-0.tsv	0	.	.	.	.	.	.	.	.	.	.	.	.	.	.	.	.	.	.	.	.	.	.	.	.	.	.	.	.	.	.	.	.	.	.	.	.	.	.	.	.	.	.	.	.	.	.	.	.	.	.	.	.	.	.	.	.	.
resources/abricate/plasmidfinder/P2590_PCD_12072023-0.tsv	0	.	.	.	.	.	.	.	.	.	.	.	.	.	.	.	.	.	.	.	.	.	.	.	.	.	.	.	.	.	.	.	.	.	.	.	.	.	.	.	.	.	.	.	.	.	.	.	.	.	.	.	.	.	.	.	.	.
resources/abricate/plasmidfinder/P2590_PCD_29102019-0.tsv	0	.	.	.	.	.	.	.	.	.	.	.	.	.	.	.	.	.	.	.	.	.	.	.	.	.	.	.	.	.	.	.	.	.	.	.	.	.	.	.	.	.	.	.	.	.	.	.	.	.	.	.	.	.	.	.	.	.
resources/abricate/plasmidfinder/P2690_PCD_05112019-0.tsv	0	.	.	.	.	.	.	.	.	.	.	.	.	.	.	.	.	.	.	.	.	.	.	.	.	.	.	.	.	.	.	.	.	.	.	.	.	.	.	.	.	.	.	.	.	.	.	.	.	.	.	.	.	.	.	.	.	.
resources/abricate/plasmidfinder/P2790_PCD_09062020-0.tsv	0	.	.	.	.	.	.	.	.	.	.	.	.	.	.	.	.	.	.	.	.	.	.	.	.	.	.	.	.	.	.	.	.	.	.	.	.	.	.	.	.	.	.	.	.	.	.	.	.	.	.	.	.	.	.	.	.	.
resources/abricate/plasmidfinder/P2890_PCD_12062020-0.tsv	0	.	.	.	.	.	.	.	.	.	.	.	.	.	.	.	.	.	.	.	.	.	.	.	.	.	.	.	.	.	.	.	.	.	.	.	.	.	.	.	.	.	.	.	.	.	.	.	.	.	.	.	.	.	.	.	.	.
resources/abricate/plasmidfinder/P2990_PCD_14072020-0.tsv	0	.	.	.	.	.	.	.	.	.	.	.	.	.	.	.	.	.	.	.	.	.	.	.	.	.	.	.	.	.	.	.	.	.	.	.	.	.	.	.	.	.	.	.	.	.	.	.	.	.	.	.	.	.	.	.	.	.
resources/abricate/plasmidfinder/P2990_PCD_20012023-0.tsv	0	.	.	.	.	.	.	.	.	.	.	.	.	.	.	.	.	.	.	.	.	.	.	.	.	.	.	.	.	.	.	.	.	.	.	.	.	.	.	.	.	.	.	.	.	.	.	.	.	.	.	.	.	.	.	.	.	.
resources/abricate/plasmidfinder/P3090_PCD_20072020-0.tsv	0	.	.	.	.	.	.	.	.	.	.	.	.	.	.	.	.	.	.	.	.	.	.	.	.	.	.	.	.	.	.	.	.	.	.	.	.	.	.	.	.	.	.	.	.	.	.	.	.	.	.	.	.	.	.	.	.	.
resources/abricate/plasmidfinder/P3390_PCD_08032024-0.tsv	0	.	.	.	.	.	.	.	.	.	.	.	.	.	.	.	.	.	.	.	.	.	.	.	.	.	.	.	.	.	.	.	.	.	.	.	.	.	.	.	.	.	.	.	.	.	.	.	.	.	.	.	.	.	.	.	.	.
resources/abricate/plasmidfinder/P3390_PCD_19082024-0.tsv	0	.	.	.	.	.	.	.	.	.	.	.	.	.	.	.	.	.	.	.	.	.	.	.	.	.	.	.	.	.	.	.	.	.	.	.	.	.	.	.	.	.	.	.	.	.	.	.	.	.	.	.	.	.	.	.	.	.
resources/abricate/plasmidfinder/P3390_PCD_30092020-0.tsv	0	.	.	.	.	.	.	.	.	.	.	.	.	.	.	.	.	.	.	.	.	.	.	.	.	.	.	.	.	.	.	.	.	.	.	.	.	.	.	.	.	.	.	.	.	.	.	.	.	.	.	.	.	.	.	.	.	.
resources/abricate/plasmidfinder/P3490_PCD_21022022-0.tsv	0	.	.	.	.	.	.	.	.	.	.	.	.	.	.	.	.	.	.	.	.	.	.	.	.	.	.	.	.	.	.	.	.	.	.	.	.	.	.	.	.	.	.	.	.	.	.	.	.	.	.	.	.	.	.	.	.	.
resources/abricate/plasmidfinder/P3590_PCD_20052022-0.tsv	0	.	.	.	.	.	.	.	.	.	.	.	.	.	.	.	.	.	.	.	.	.	.	.	.	.	.	.	.	.	.	.	.	.	.	.	.	.	.	.	.	.	.	.	.	.	.	.	.	.	.	.	.	.	.	.	.	.
resources/abricate/plasmidfinder/P3890_PCD_24082022-0.tsv	0	.	.	.	.	.	.	.	.	.	.	.	.	.	.	.	.	.	.	.	.	.	.	.	.	.	.	.	.	.	.	.	.	.	.	.	.	.	.	.	.	.	.	.	.	.	.	.	.	.	.	.	.	.	.	.	.	.
resources/abricate/plasmidfinder/P4290_PCD_08032024-0.tsv	0	.	.	.	.	.	.	.	.	.	.	.	.	.	.	.	.	.	.	.	.	.	.	.	.	.	.	.	.	.	.	.	.	.	.	.	.	.	.	.	.	.	.	.	.	.	.	.	.	.	.	.	.	.	.	.	.	.
resources/abricate/plasmidfinder/P4290_PCD_28112022-0.tsv	0	.	.	.	.	.	.	.	.	.	.	.	.	.	.	.	.	.	.	.	.	.	.	.	.	.	.	.	.	.	.	.	.	.	.	.	.	.	.	.	.	.	.	.	.	.	.	.	.	.	.	.	.	.	.	.	.	.
resources/abricate/plasmidfinder/P5590_PCD_20032024-0.tsv	0	.	.	.	.	.	.	.	.	.	.	.	.	.	.	.	.	.	.	.	.	.	.	.	.	.	.	.	.	.	.	.	.	.	.	.	.	.	.	.	.	.	.	.	.	.	.	.	.	.	.	.	.	.	.	.	.	.
resources/abricate/plasmidfinder/P5590_PCD_26072024-0.tsv	0	.	.	.	.	.	.	.	.	.	.	.	.	.	.	.	.	.	.	.	.	.	.	.	.	.	.	.	.	.	.	.	.	.	.	.	.	.	.	.	.	.	.	.	.	.	.	.	.	.	.	.	.	.	.	.	.	.
resources/abricate/plasmidfinder/P5690_PCD_11062024-0.tsv	0	.	.	.	.	.	.	.	.	.	.	.	.	.	.	.	.	.	.	.	.	.	.	.	.	.	.	.	.	.	.	.	.	.	.	.	.	.	.	.	.	.	.	.	.	.	.	.	.	.	.	.	.	.	.	.	.	.
resources/abricate/plasmidfinder/P5890_PCD_24062024-0.tsv	0	.	.	.	.	.	.	.	.	.	.	.	.	.	.	.	.	.	.	.	.	.	.	.	.	.	.	.	.	.	.	.	.	.	.	.	.	.	.	.	.	.	.	.	.	.	.	.	.	.	.	.	.	.	.	.	.	.
resources/abricate/resfinder/P0290_PCD_28022016-0.tsv	0	.	.	.	.	.	.	.	.	.	.	.	.	.	.	.	.	.	.	.	.	.	.	.	.	.	.	.	.	.	.	.	.	.	.	.	.	.	.	.	.	.	.	.	.	.	.	.	.	.	.	.	.	.	.	.	.	.
resources/abricate/resfinder/P0290_PCD_28022016-1.tsv	0	.	.	.	.	.	.	.	.	.	.	.	.	.	.	.	.	.	.	.	.	.	.	.	.	.	.	.	.	.	.	.	.	.	.	.	.	.	.	.	.	.	.	.	.	.	.	.	.	.	.	.	.	.	.	.	.	.
resources/abricate/resfinder/P0690_PCD_10122023-0.tsv	1	.	.	.	.	.	.	.	.	.	.	.	.	.	.	.	.	.	.	.	.	.	.	.	.	.	.	.	.	.	.	.	.	.	100.00	.	.	.	.	.	.	.	.	.	.	.	.	.	.	.	.	.	.	.	.	.	.	.
resources/abricate/resfinder/P0690_PCD_14042023-0.tsv	1	.	.	.	.	.	.	.	.	.	.	.	.	.	.	.	.	.	.	.	.	.	.	.	.	.	.	.	.	.	.	.	.	.	100.00	.	.	.	.	.	.	.	.	.	.	.	.	.	.	.	.	.	.	.	.	.	.	.
resources/abricate/resfinder/P0690_PCD_18022022-0.tsv	1	.	.	.	.	.	.	.	.	.	.	.	.	.	.	.	.	.	.	.	.	.	.	.	.	.	.	.	.	.	.	.	.	.	100.00	.	.	.	.	.	.	.	.	.	.	.	.	.	.	.	.	.	.	.	.	.	.	.
resources/abricate/resfinder/P0690_PCD_19072024-0.tsv	1	.	.	.	.	.	.	.	.	.	.	.	.	.	.	.	.	.	.	.	.	.	.	.	.	.	.	.	.	.	.	.	.	.	100.00	.	.	.	.	.	.	.	.	.	.	.	.	.	.	.	.	.	.	.	.	.	.	.
resources/abricate/resfinder/P0690_PCD_29012021-0.tsv	1	.	.	.	.	.	.	.	.	.	.	.	.	.	.	.	.	.	.	.	.	.	.	.	.	.	.	.	.	.	.	.	.	.	100.00	.	.	.	.	.	.	.	.	.	.	.	.	.	.	.	.	.	.	.	.	.	.	.
resources/abricate/resfinder/P0790_PCD_07012022-0.tsv	1	.	.	.	.	.	.	.	.	.	.	.	.	.	.	.	.	.	.	.	.	.	.	.	.	.	.	.	.	.	.	.	.	.	.	.	.	.	.	.	99.76	.	.	.	.	.	.	.	.	.	.	.	.	.	.	.	.	.
resources/abricate/resfinder/P0790_PCD_19052020-0.tsv	1	.	.	.	.	.	.	.	.	.	.	.	.	.	.	.	.	.	.	.	.	.	.	.	.	.	.	.	.	.	.	.	.	.	.	.	.	.	.	.	99.76	.	.	.	.	.	.	.	.	.	.	.	.	.	.	.	.	.
resources/abricate/resfinder/P0790_PCD_20062024-0.tsv	1	.	.	.	.	.	.	.	.	.	.	.	.	.	.	.	.	.	.	.	.	.	.	.	.	.	.	.	.	.	.	.	.	.	.	.	.	.	.	.	99.76	.	.	.	.	.	.	.	.	.	.	.	.	.	.	.	.	.
resources/abricate/resfinder/P0790_PCD_27062022-0.tsv	1	.	.	.	.	.	.	.	.	.	.	.	.	.	.	.	.	.	.	.	.	.	.	.	.	.	.	.	.	.	.	.	.	.	.	.	.	.	.	.	99.76	.	.	.	.	.	.	.	.	.	.	.	.	.	.	.	.	.
resources/abricate/resfinder/P0790_PCD_27062022-1.tsv	1	.	.	.	.	.	.	.	.	.	.	.	.	.	.	.	.	.	.	.	.	.	.	.	.	.	.	.	.	.	.	.	.	.	.	.	.	.	.	.	99.76	.	.	.	.	.	.	.	.	.	.	.	.	.	.	.	.	.
resources/abricate/resfinder/P0790_PCD_28102024-0.tsv	1	.	.	.	.	.	.	.	.	.	.	.	.	.	.	.	.	.	.	.	.	.	.	.	.	.	.	.	.	.	.	.	.	.	.	.	.	.	.	.	99.76	.	.	.	.	.	.	.	.	.	.	.	.	.	.	.	.	.
resources/abricate/resfinder/P0890_PCD_08062021-0.tsv	1	.	.	.	.	.	.	.	.	.	.	.	.	.	.	.	.	.	.	.	.	.	.	.	.	.	.	.	.	.	.	.	.	.	99.76	.	.	.	.	.	.	.	.	.	.	.	.	.	.	.	.	.	.	.	.	.	.	.
resources/abricate/resfinder/P0890_PCD_18032022-0.tsv	1	.	.	.	.	.	.	.	.	.	.	.	.	.	.	.	.	.	.	.	.	.	.	.	.	.	.	.	.	.	.	.	.	.	99.76	.	.	.	.	.	.	.	.	.	.	.	.	.	.	.	.	.	.	.	.	.	.	.
resources/abricate/resfinder/P0890_PCD_27092023-0.tsv	1	.	.	.	.	.	.	.	.	.	.	.	.	.	.	.	.	.	.	.	.	.	.	.	.	.	.	.	.	.	.	.	.	.	99.76	.	.	.	.	.	.	.	.	.	.	.	.	.	.	.	.	.	.	.	.	.	.	.
resources/abricate/resfinder/P0890_PCD_31102022-0.tsv	1	.	.	.	.	.	.	.	.	.	.	.	.	.	.	.	.	.	.	.	.	.	.	.	.	.	.	.	.	.	.	.	.	.	99.76	.	.	.	.	.	.	.	.	.	.	.	.	.	.	.	.	.	.	.	.	.	.	.
resources/abricate/resfinder/P0890_PCD_31102022-1.tsv	1	.	.	.	.	.	.	.	.	.	.	.	.	.	.	.	.	.	.	.	.	.	.	.	.	.	.	.	.	.	.	.	.	.	99.76	.	.	.	.	.	.	.	.	.	.	.	.	.	.	.	.	.	.	.	.	.	.	.
resources/abricate/resfinder/P1090_PCD_23092021-0.tsv	1	.	.	.	.	.	.	.	.	.	.	.	.	.	.	.	.	.	.	.	.	.	.	.	.	.	.	.	.	.	.	.	.	.	.	.	99.76	.	.	.	.	.	.	.	.	.	.	.	.	.	.	.	.	.	.	.	.	.
resources/abricate/resfinder/P1490_PCD_09122016-0.tsv	1	.	.	.	.	.	.	.	.	.	.	.	.	.	.	.	.	.	.	.	.	.	.	.	.	.	.	.	.	.	.	.	.	.	.	.	.	.	.	.	.	.	.	.	.	.	96.37	.	.	.	.	.	.	.	.	.	.	.
resources/abricate/resfinder/P1490_PCD_27082020-0.tsv	0	.	.	.	.	.	.	.	.	.	.	.	.	.	.	.	.	.	.	.	.	.	.	.	.	.	.	.	.	.	.	.	.	.	.	.	.	.	.	.	.	.	.	.	.	.	.	.	.	.	.	.	.	.	.	.	.	.
resources/abricate/resfinder/P1590_PCD_10012022-0.tsv	0	.	.	.	.	.	.	.	.	.	.	.	.	.	.	.	.	.	.	.	.	.	.	.	.	.	.	.	.	.	.	.	.	.	.	.	.	.	.	.	.	.	.	.	.	.	.	.	.	.	.	.	.	.	.	.	.	.
resources/abricate/resfinder/P1890_PCD_04102022-0.tsv	0	.	.	.	.	.	.	.	.	.	.	.	.	.	.	.	.	.	.	.	.	.	.	.	.	.	.	.	.	.	.	.	.	.	.	.	.	.	.	.	.	.	.	.	.	.	.	.	.	.	.	.	.	.	.	.	.	.
resources/abricate/resfinder/P1890_PCD_22022022-0.tsv	0	.	.	.	.	.	.	.	.	.	.	.	.	.	.	.	.	.	.	.	.	.	.	.	.	.	.	.	.	.	.	.	.	.	.	.	.	.	.	.	.	.	.	.	.	.	.	.	.	.	.	.	.	.	.	.	.	.
resources/abricate/resfinder/P1990_PCD_15032024-0.tsv	0	.	.	.	.	.	.	.	.	.	.	.	.	.	.	.	.	.	.	.	.	.	.	.	.	.	.	.	.	.	.	.	.	.	.	.	.	.	.	.	.	.	.	.	.	.	.	.	.	.	.	.	.	.	.	.	.	.
resources/abricate/resfinder/P1990_PCD_24032022-0.tsv	0	.	.	.	.	.	.	.	.	.	.	.	.	.	.	.	.	.	.	.	.	.	.	.	.	.	.	.	.	.	.	.	.	.	.	.	.	.	.	.	.	.	.	.	.	.	.	.	.	.	.	.	.	.	.	.	.	.
resources/abricate/resfinder/P1990_PCD_28042023-0.tsv	0	.	.	.	.	.	.	.	.	.	.	.	.	.	.	.	.	.	.	.	.	.	.	.	.	.	.	.	.	.	.	.	.	.	.	.	.	.	.	.	.	.	.	.	.	.	.	.	.	.	.	.	.	.	.	.	.	.
resources/abricate/resfinder/P2090_PCD_03082020-0.tsv	1	.	.	.	.	.	.	.	.	.	.	.	.	.	.	.	.	.	.	.	.	.	.	.	.	.	.	.	.	.	.	.	.	.	.	.	.	.	.	.	99.03	.	.	.	.	.	.	.	.	.	.	.	.	.	.	.	.	.
resources/abricate/resfinder/P2090_PCD_15032023-0.tsv	1	.	.	.	.	.	.	.	.	.	.	.	.	.	.	.	.	.	.	.	.	.	.	.	.	.	.	.	.	.	.	.	.	.	.	.	.	.	.	.	99.03	.	.	.	.	.	.	.	.	.	.	.	.	.	.	.	.	.
resources/abricate/resfinder/P2090_PCD_17012024-0.tsv	1	.	.	.	.	.	.	.	.	.	.	.	.	.	.	.	.	.	.	.	.	.	.	.	.	.	.	.	.	.	.	.	.	.	.	.	.	.	.	.	99.03	.	.	.	.	.	.	.	.	.	.	.	.	.	.	.	.	.
resources/abricate/resfinder/P2090_PCD_18012021-0.tsv	1	.	.	.	.	.	.	.	.	.	.	.	.	.	.	.	.	.	.	.	.	.	.	.	.	.	.	.	.	.	.	.	.	.	.	.	.	.	.	.	99.03	.	.	.	.	.	.	.	.	.	.	.	.	.	.	.	.	.
resources/abricate/resfinder/P2090_PCD_22032022-0.tsv	1	.	.	.	.	.	.	.	.	.	.	.	.	.	.	.	.	.	.	.	.	.	.	.	.	.	.	.	.	.	.	.	.	.	.	.	.	.	.	.	99.03	.	.	.	.	.	.	.	.	.	.	.	.	.	.	.	.	.
resources/abricate/resfinder/P2590_PCD_02022023-0.tsv	1	.	.	.	.	.	.	.	.	.	.	.	.	.	.	.	.	.	.	.	.	.	.	.	.	.	.	.	.	.	.	.	.	.	.	.	.	.	99.64	.	.	.	.	.	.	.	.	.	.	.	.	.	.	.	.	.	.	.
resources/abricate/resfinder/P2590_PCD_03072024-0.tsv	1	.	.	.	.	.	.	.	.	.	.	.	.	.	.	.	.	.	.	.	.	.	.	.	.	.	.	.	.	.	.	.	.	.	.	.	.	.	99.64	.	.	.	.	.	.	.	.	.	.	.	.	.	.	.	.	.	.	.
resources/abricate/resfinder/P2590_PCD_12072023-0.tsv	1	.	.	.	.	.	.	.	.	.	.	.	.	.	.	.	.	.	.	.	.	.	.	.	.	.	.	.	.	.	.	.	.	.	.	.	.	.	99.64	.	.	.	.	.	.	.	.	.	.	.	.	.	.	.	.	.	.	.
resources/abricate/resfinder/P2590_PCD_29102019-0.tsv	1	.	.	.	.	.	.	.	.	.	.	.	.	.	.	.	.	.	.	.	.	.	.	.	.	.	.	.	.	.	.	.	.	.	.	.	100.00	.	.	.	.	.	.	.	.	.	.	.	.	.	.	.	.	.	.	.	.	.
resources/abricate/resfinder/P2690_PCD_05112019-0.tsv	1	.	.	.	.	.	.	.	.	.	.	.	.	.	.	.	.	.	.	.	.	.	.	.	.	.	.	.	.	.	.	.	.	.	.	.	99.27	.	.	.	.	.	.	.	.	.	.	.	.	.	.	.	.	.	.	.	.	.
resources/abricate/resfinder/P2790_PCD_09062020-0.tsv	1	.	.	.	.	.	.	.	.	.	.	.	.	.	.	.	.	.	.	.	.	.	.	.	.	.	.	.	.	.	.	.	99.40	.	.	.	.	.	.	.	.	.	.	.	.	.	.	.	.	.	.	.	.	.	.	.	.	.
resources/abricate/resfinder/P2890_PCD_12062020-0.tsv	1	.	.	.	.	.	.	.	.	.	.	.	.	.	.	.	.	.	.	.	.	.	.	.	.	.	.	.	.	.	.	.	.	.	.	.	.	.	.	.	100.00	.	.	.	.	.	.	.	.	.	.	.	.	.	.	.	.	.
resources/abricate/resfinder/P2990_PCD_14072020-0.tsv	1	.	.	.	.	.	.	.	.	.	.	.	.	.	.	.	.	.	.	.	.	.	.	.	.	.	.	.	.	.	.	.	99.64	.	.	.	.	.	.	.	.	.	.	.	.	.	.	.	.	.	.	.	.	.	.	.	.	.
resources/abricate/resfinder/P2990_PCD_20012023-0.tsv	1	.	.	.	.	.	.	.	.	.	.	.	.	.	.	.	.	.	.	.	.	.	.	.	.	.	.	.	.	.	.	.	99.64	.	.	.	.	.	.	.	.	.	.	.	.	.	.	.	.	.	.	.	.	.	.	.	.	.
resources/abricate/resfinder/P3090_PCD_20072020-0.tsv	1	.	.	.	.	.	.	.	.	.	.	.	.	.	.	.	.	.	.	.	.	.	.	.	.	.	.	.	.	.	.	.	.	.	.	.	.	.	99.88	.	.	.	.	.	.	.	.	.	.	.	.	.	.	.	.	.	.	.
resources/abricate/resfinder/P3390_PCD_08032024-0.tsv	1	.	.	.	.	.	.	.	.	.	.	.	.	.	.	.	.	.	.	.	.	.	.	.	.	.	.	.	.	.	.	.	.	.	.	.	.	.	.	.	.	.	.	.	.	.	98.31	.	.	.	.	.	.	.	.	.	.	.
resources/abricate/resfinder/P3390_PCD_19082024-0.tsv	0	.	.	.	.	.	.	.	.	.	.	.	.	.	.	.	.	.	.	.	.	.	.	.	.	.	.	.	.	.	.	.	.	.	.	.	.	.	.	.	.	.	.	.	.	.	.	.	.	.	.	.	.	.	.	.	.	.
resources/abricate/resfinder/P3390_PCD_30092020-0.tsv	0	.	.	.	.	.	.	.	.	.	.	.	.	.	.	.	.	.	.	.	.	.	.	.	.	.	.	.	.	.	.	.	.	.	.	.	.	.	.	.	.	.	.	.	.	.	.	.	.	.	.	.	.	.	.	.	.	.
resources/abricate/resfinder/P3490_PCD_21022022-0.tsv	0	.	.	.	.	.	.	.	.	.	.	.	.	.	.	.	.	.	.	.	.	.	.	.	.	.	.	.	.	.	.	.	.	.	.	.	.	.	.	.	.	.	.	.	.	.	.	.	.	.	.	.	.	.	.	.	.	.
resources/abricate/resfinder/P3590_PCD_20052022-0.tsv	0	.	.	.	.	.	.	.	.	.	.	.	.	.	.	.	.	.	.	.	.	.	.	.	.	.	.	.	.	.	.	.	.	.	.	.	.	.	.	.	.	.	.	.	.	.	.	.	.	.	.	.	.	.	.	.	.	.
resources/abricate/resfinder/P3890_PCD_24082022-0.tsv	0	.	.	.	.	.	.	.	.	.	.	.	.	.	.	.	.	.	.	.	.	.	.	.	.	.	.	.	.	.	.	.	.	.	.	.	.	.	.	.	.	.	.	.	.	.	.	.	.	.	.	.	.	.	.	.	.	.
resources/abricate/resfinder/P4290_PCD_08032024-0.tsv	1	.	.	.	.	.	.	.	.	.	.	.	.	.	.	.	.	.	.	.	.	.	.	.	.	.	.	.	.	.	.	.	99.28	.	.	.	.	.	.	.	.	.	.	.	.	.	.	.	.	.	.	.	.	.	.	.	.	.
resources/abricate/resfinder/P4290_PCD_28112022-0.tsv	1	.	.	.	.	.	.	.	.	.	.	.	.	.	.	.	.	.	.	.	.	.	.	.	.	.	.	.	.	.	.	.	99.28	.	.	.	.	.	.	.	.	.	.	.	.	.	.	.	.	.	.	.	.	.	.	.	.	.
resources/abricate/resfinder/P5590_PCD_20032024-0.tsv	0	.	.	.	.	.	.	.	.	.	.	.	.	.	.	.	.	.	.	.	.	.	.	.	.	.	.	.	.	.	.	.	.	.	.	.	.	.	.	.	.	.	.	.	.	.	.	.	.	.	.	.	.	.	.	.	.	.
resources/abricate/resfinder/P5590_PCD_26072024-0.tsv	0	.	.	.	.	.	.	.	.	.	.	.	.	.	.	.	.	.	.	.	.	.	.	.	.	.	.	.	.	.	.	.	.	.	.	.	.	.	.	.	.	.	.	.	.	.	.	.	.	.	.	.	.	.	.	.	.	.
resources/abricate/resfinder/P5690_PCD_11062024-0.tsv	0	.	.	.	.	.	.	.	.	.	.	.	.	.	.	.	.	.	.	.	.	.	.	.	.	.	.	.	.	.	.	.	.	.	.	.	.	.	.	.	.	.	.	.	.	.	.	.	.	.	.	.	.	.	.	.	.	.
resources/abricate/resfinder/P5890_PCD_24062024-0.tsv	1	.	.	.	.	.	.	.	.	.	.	.	.	.	.	.	.	.	.	.	.	.	.	.	.	.	.	.	.	.	.	.	.	.	.	.	98.67	.	.	.	.	.	.	.	.	.	.	.	.	.	.	.	.	.	.	.	.	.
resources/abricate/vfdb/P0290_PCD_28022016-0.tsv	2	.	.	.	.	.	.	.	.	.	.	.	.	.	.	.	.	.	.	.	.	.	.	.	.	.	.	.	.	.	.	.	.	.	.	.	.	.	.	.	.	.	.	.	.	.	.	.	.	.	80.07	.	.	.	.	.	81.56	.
resources/abricate/vfdb/P0290_PCD_28022016-1.tsv	2	.	.	.	.	.	.	.	.	.	.	.	.	.	.	.	.	.	.	.	.	.	.	.	.	.	.	.	.	.	.	.	.	.	.	.	.	.	.	.	.	.	.	.	.	.	.	.	.	.	80.07	.	.	.	.	.	81.56	.
resources/abricate/vfdb/P0690_PCD_10122023-0.tsv	5	.	.	.	.	.	.	.	.	.	.	.	.	.	.	.	.	.	.	.	.	.	.	.	.	.	.	.	.	.	.	.	.	.	.	.	.	.	.	.	.	.	.	.	.	.	.	84.36	84.11	86.83	82.89	.	.	.	.	.	81.15	.
resources/abricate/vfdb/P0690_PCD_14042023-0.tsv	5	.	.	.	.	.	.	.	.	.	.	.	.	.	.	.	.	.	.	.	.	.	.	.	.	.	.	.	.	.	.	.	.	.	.	.	.	.	.	.	.	.	.	.	.	.	.	84.36	84.11	86.83	82.89	.	.	.	.	.	81.15	.
resources/abricate/vfdb/P0690_PCD_18022022-0.tsv	5	.	.	.	.	.	.	.	.	.	.	.	.	.	.	.	.	.	.	.	.	.	.	.	.	.	.	.	.	.	.	.	.	.	.	.	.	.	.	.	.	.	.	.	.	.	.	84.36	84.11	86.83	82.89	.	.	.	.	.	81.15	.
resources/abricate/vfdb/P0690_PCD_19072024-0.tsv	5	.	.	.	.	.	.	.	.	.	.	.	.	.	.	.	.	.	.	.	.	.	.	.	.	.	.	.	.	.	.	.	.	.	.	.	.	.	.	.	.	.	.	.	.	.	.	84.36	84.11	86.83	82.89	.	.	.	.	.	81.15	.
resources/abricate/vfdb/P0690_PCD_29012021-0.tsv	5	.	.	.	.	.	.	.	.	.	.	.	.	.	.	.	.	.	.	.	.	.	.	.	.	.	.	.	.	.	.	.	.	.	.	.	.	.	.	.	.	.	.	.	.	.	.	84.36	84.11	86.83	82.89	.	.	.	.	.	81.15	.
resources/abricate/vfdb/P0790_PCD_07012022-0.tsv	4	.	.	.	.	.	.	.	.	.	.	.	.	.	.	.	.	.	.	.	.	.	.	.	.	.	.	.	.	.	.	.	.	.	.	.	.	.	.	.	.	.	.	.	.	.	.	.	.	.	83.49	80.45	82.83	.	.	.	81.56	.
resources/abricate/vfdb/P0790_PCD_19052020-0.tsv	4	.	.	.	.	.	.	.	.	.	.	.	.	.	.	.	.	.	.	.	.	.	.	.	.	.	.	.	.	.	.	.	.	.	.	.	.	.	.	.	.	.	.	.	.	.	.	.	.	.	83.49	80.45	82.83	.	.	.	81.56	.
resources/abricate/vfdb/P0790_PCD_20062024-0.tsv	4	.	.	.	.	.	.	.	.	.	.	.	.	.	.	.	.	.	.	.	.	.	.	.	.	.	.	.	.	.	.	.	.	.	.	.	.	.	.	.	.	.	.	.	.	.	.	.	.	.	83.49	80.45	82.83	.	.	.	81.56	.
resources/abricate/vfdb/P0790_PCD_27062022-0.tsv	4	.	.	.	.	.	.	.	.	.	.	.	.	.	.	.	.	.	.	.	.	.	.	.	.	.	.	.	.	.	.	.	.	.	.	.	.	.	.	.	.	.	.	.	.	.	.	.	.	.	83.49	80.45	82.83	.	.	.	81.56	.
resources/abricate/vfdb/P0790_PCD_27062022-1.tsv	4	.	.	.	.	.	.	.	.	.	.	.	.	.	.	.	.	.	.	.	.	.	.	.	.	.	.	.	.	.	.	.	.	.	.	.	.	.	.	.	.	.	.	.	.	.	.	.	.	.	83.49	80.45	82.83	.	.	.	81.56	.
resources/abricate/vfdb/P0790_PCD_28102024-0.tsv	4	.	.	.	.	.	.	.	.	.	.	.	.	.	.	.	.	.	.	.	.	.	.	.	.	.	.	.	.	.	.	.	.	.	.	.	.	.	.	.	.	.	.	.	.	.	.	.	.	.	83.49	80.45	82.83	.	.	.	81.56	.
resources/abricate/vfdb/P0890_PCD_08062021-0.tsv	5	.	.	.	.	.	.	.	.	.	.	.	.	.	.	.	.	.	.	.	.	.	.	.	.	80.11	.	.	.	.	.	.	.	.	.	.	.	.	.	.	.	.	.	.	.	.	.	.	.	.	83.37	80.61	82.83	.	.	.	81.15	.
resources/abricate/vfdb/P0890_PCD_18032022-0.tsv	5	.	.	.	.	.	.	.	.	.	.	.	.	.	.	.	.	.	.	.	.	.	.	.	.	80.11	.	.	.	.	.	.	.	.	.	.	.	.	.	.	.	.	.	.	.	.	.	.	.	.	83.37	80.61	82.83	.	.	.	81.15	.
resources/abricate/vfdb/P0890_PCD_27092023-0.tsv	5	.	.	.	.	.	.	.	.	.	.	.	.	.	.	.	.	.	.	.	.	.	.	.	.	80.11	.	.	.	.	.	.	.	.	.	.	.	.	.	.	.	.	.	.	.	.	.	.	.	.	83.37	80.61	82.83	.	.	.	81.15	.
resources/abricate/vfdb/P0890_PCD_31102022-0.tsv	5	.	.	.	.	.	.	.	.	.	.	.	.	.	.	.	.	.	.	.	.	.	.	.	.	80.11	.	.	.	.	.	.	.	.	.	.	.	.	.	.	.	.	.	.	.	.	.	.	.	.	83.37	80.61	82.83	.	.	.	81.15	.
resources/abricate/vfdb/P0890_PCD_31102022-1.tsv	5	.	.	.	.	.	.	.	.	.	.	.	.	.	.	.	.	.	.	.	.	.	.	.	.	80.11	.	.	.	.	.	.	.	.	.	.	.	.	.	.	.	.	.	.	.	.	.	.	.	.	83.37	80.61	82.83	.	.	.	81.15	.
resources/abricate/vfdb/P1090_PCD_23092021-0.tsv	8	.	.	.	.	.	.	.	.	.	.	.	.	.	.	.	.	.	.	.	.	.	.	.	.	80.30	.	.	.	.	.	.	.	.	.	.	.	.	.	.	.	.	.	.	.	.	.	84.36	83.93	86.83	83.13	80.22	83.26	.	.	.	81.15	.
resources/abricate/vfdb/P1490_PCD_09122016-0.tsv	6	.	.	.	.	.	.	.	.	.	.	.	.	.	.	.	.	.	.	.	.	.	.	.	.	80.63	.	.	.	.	.	.	.	.	.	.	.	.	.	.	.	.	.	.	.	.	.	.	.	.	84.77	81.08	82.40	.	.	80.13	81.97	.
resources/abricate/vfdb/P1490_PCD_27082020-0.tsv	1	.	.	.	.	.	.	.	.	.	.	.	.	.	.	.	.	.	.	.	.	.	.	.	.	.	.	.	.	.	.	.	.	.	.	.	.	.	.	.	.	.	.	.	.	.	.	.	.	.	80.41	.	.	.	.	.	.	.
resources/abricate/vfdb/P1590_PCD_10012022-0.tsv	2	.	.	.	.	.	.	.	.	.	.	.	.	.	.	.	.	.	.	.	.	.	.	.	.	.	.	.	.	.	.	.	.	.	.	.	.	.	.	.	.	.	.	.	.	.	.	.	.	.	.	81.42	.	.	.	.	81.15	.
resources/abricate/vfdb/P1890_PCD_04102022-0.tsv	4	.	.	.	.	.	.	.	.	.	.	.	.	.	.	.	.	.	.	.	.	.	.	.	.	.	.	.	.	.	.	.	.	.	.	.	.	.	.	.	.	.	.	.	.	.	.	83.88	82.86	84.49	80.33	.	.	.	.	.	.	.
resources/abricate/vfdb/P1890_PCD_22022022-0.tsv	4	.	.	.	.	.	.	.	.	.	.	.	.	.	.	.	.	.	.	.	.	.	.	.	.	.	.	.	.	.	.	.	.	.	.	.	.	.	.	.	.	.	.	.	.	.	.	83.88	82.86	84.49	80.67	.	.	.	.	.	.	.
resources/abricate/vfdb/P1990_PCD_15032024-0.tsv	4	.	.	.	.	.	.	.	.	.	.	.	.	.	.	.	.	.	.	.	.	.	.	.	.	80.06	.	.	.	.	.	.	.	.	.	.	.	.	.	.	.	.	.	.	.	.	.	.	.	.	82.27	81.42	.	.	.	.	81.56	.
resources/abricate/vfdb/P1990_PCD_24032022-0.tsv	4	.	.	.	.	.	.	.	.	.	.	.	.	.	.	.	.	.	.	.	.	.	.	.	.	80.06	.	.	.	.	.	.	.	.	.	.	.	.	.	.	.	.	.	.	.	.	.	.	.	.	82.27	81.42	.	.	.	.	81.56	.
resources/abricate/vfdb/P1990_PCD_28042023-0.tsv	4	.	.	.	.	.	.	.	.	.	.	.	.	.	.	.	.	.	.	.	.	.	.	.	.	80.06	.	.	.	.	.	.	.	.	.	.	.	.	.	.	.	.	.	.	.	.	.	.	.	.	82.27	81.42	.	.	.	.	81.56	.
resources/abricate/vfdb/P2090_PCD_03082020-0.tsv	4	.	.	.	.	.	.	.	.	.	.	.	.	.	.	.	.	.	.	.	.	.	.	.	.	.	.	.	.	.	.	.	.	.	.	.	.	.	.	.	.	.	.	.	.	.	.	84.27	84.11	86.83	83.25	.	.	.	.	.	.	.
resources/abricate/vfdb/P2090_PCD_15032023-0.tsv	5	.	.	.	.	.	.	.	.	.	.	.	.	.	.	.	.	.	.	.	.	.	.	.	.	.	.	.	.	.	.	.	.	.	.	.	.	.	.	.	.	.	.	.	.	.	.	84.27	84.11	86.83	83.25	.	.	.	.	.	81.56	.
resources/abricate/vfdb/P2090_PCD_17012024-0.tsv	5	.	.	.	.	.	.	.	.	.	.	.	.	.	.	.	.	.	.	.	.	.	.	.	.	.	.	.	.	.	.	.	.	.	.	.	.	.	.	.	.	.	.	.	.	.	.	84.27	84.11	86.83	83.25	.	.	.	.	.	81.56	.
resources/abricate/vfdb/P2090_PCD_18012021-0.tsv	5	.	.	.	.	.	.	.	.	.	.	.	.	.	.	.	.	.	.	.	.	.	.	.	.	.	.	.	.	.	.	.	.	.	.	.	.	.	.	.	.	.	.	.	.	.	.	84.27	84.11	86.83	83.25	.	.	.	.	.	81.56	.
resources/abricate/vfdb/P2090_PCD_22032022-0.tsv	5	.	.	.	.	.	.	.	.	.	.	.	.	.	.	.	.	.	.	.	.	.	.	.	.	.	.	.	.	.	.	.	.	.	.	.	.	.	.	.	.	.	.	.	.	.	.	84.27	84.11	86.83	83.25	.	.	.	.	.	81.56	.
resources/abricate/vfdb/P2590_PCD_02022023-0.tsv	7	.	.	.	.	.	.	.	.	.	.	.	.	.	.	.	.	.	.	.	.	.	.	.	.	80.30	.	.	.	.	.	.	.	.	.	.	.	.	.	.	.	.	.	.	.	.	.	81.16	.	82.01	83.13	80.53	83.26	.	.	.	81.15	.
resources/abricate/vfdb/P2590_PCD_03072024-0.tsv	7	.	.	.	.	.	.	.	.	.	.	.	.	.	.	.	.	.	.	.	.	.	.	.	.	80.30	.	.	.	.	.	.	.	.	.	.	.	.	.	.	.	.	.	.	.	.	.	81.16	.	82.01	83.13	80.53	83.26	.	.	.	81.15	.
resources/abricate/vfdb/P2590_PCD_12072023-0.tsv	7	.	.	.	.	.	.	.	.	.	.	.	.	.	.	.	.	.	.	.	.	.	.	.	.	80.30	.	.	.	.	.	.	.	.	.	.	.	.	.	.	.	.	.	.	.	.	.	81.16	.	82.01	83.13	80.53	83.26	.	.	.	81.15	.
resources/abricate/vfdb/P2590_PCD_29102019-0.tsv	5	.	.	.	.	.	.	.	.	.	.	.	.	.	.	.	.	.	.	.	.	.	.	.	.	80.11	.	.	.	.	.	.	.	.	.	.	.	.	.	.	.	.	.	.	.	.	.	.	.	.	83.13	80.69	82.40	.	.	.	81.15	.
resources/abricate/vfdb/P2690_PCD_05112019-0.tsv	7	.	.	.	.	.	.	.	.	.	.	.	.	.	.	.	.	.	.	.	.	.	.	.	.	80.34	.	.	.	.	.	.	.	.	.	.	.	.	.	.	.	.	.	.	.	.	.	81.44	.	82.11	83.13	80.53	83.26	.	.	.	81.15	.
resources/abricate/vfdb/P2790_PCD_09062020-0.tsv	7	.	.	.	.	.	.	.	.	.	.	.	.	.	.	.	.	.	.	.	.	.	.	.	.	80.06	.	.	.	.	.	.	.	.	.	.	.	.	.	.	.	.	.	.	.	.	.	81.44	.	81.92	83.13	80.45	82.83	.	.	.	81.56	.
resources/abricate/vfdb/P2890_PCD_12062020-0.tsv	6	.	.	.	.	.	.	.	.	.	.	.	.	.	.	.	.	.	.	.	.	.	.	.	.	.	.	.	.	.	.	.	.	.	.	.	.	.	.	.	.	.	.	.	.	.	.	81.44	.	81.83	83.13	80.53	82.83	.	.	.	81.56	.
resources/abricate/vfdb/P2990_PCD_14072020-0.tsv	5	.	.	.	.	.	.	.	.	.	.	.	.	.	.	.	.	.	.	.	.	.	.	.	.	.	.	.	.	.	.	.	.	.	.	.	.	.	.	.	.	.	.	.	.	.	.	84.36	84.11	86.83	83.25	.	.	.	.	.	81.15	.
resources/abricate/vfdb/P2990_PCD_20012023-0.tsv	5	.	.	.	.	.	.	.	.	.	.	.	.	.	.	.	.	.	.	.	.	.	.	.	.	.	.	.	.	.	.	.	.	.	.	.	.	.	.	.	.	.	.	.	.	.	.	84.36	84.11	86.83	83.25	.	.	.	.	.	81.15	.
resources/abricate/vfdb/P3090_PCD_20072020-0.tsv	5	.	.	.	.	.	.	.	.	.	.	.	.	.	.	.	.	.	.	.	.	.	.	.	.	.	.	.	.	.	.	.	.	.	.	.	.	.	.	.	.	.	.	.	.	.	.	84.36	84.11	86.83	83.37	.	.	.	.	.	81.15	.
resources/abricate/vfdb/P3390_PCD_08032024-0.tsv	10	.	.	.	.	.	.	.	.	.	.	.	.	.	.	.	.	.	.	.	.	.	.	.	.	80.76	.	.	.	.	.	.	.	.	.	.	.	.	.	.	.	.	.	.	.	.	.	83.49	81.43	83.60	84.89	80.84	82.83	.	80.70	80.58	82.38	.
resources/abricate/vfdb/P3390_PCD_19082024-0.tsv	5	.	.	.	.	.	.	.	.	.	.	.	.	.	.	.	.	.	.	.	.	.	.	.	.	.	.	.	.	.	.	.	.	.	.	.	.	.	.	.	.	.	.	.	.	.	.	83.98	83.21	86.56	83.25	.	.	.	.	.	81.56	.
resources/abricate/vfdb/P3390_PCD_30092020-0.tsv	5	.	.	.	.	.	.	.	.	.	.	.	.	.	.	.	.	.	.	.	.	.	.	.	.	.	.	.	.	.	.	.	.	.	.	.	.	.	.	.	.	.	.	.	.	.	.	83.98	83.21	86.56	83.25	.	.	.	.	.	81.56	.
resources/abricate/vfdb/P3490_PCD_21022022-0.tsv	4	.	.	.	.	.	.	.	.	.	.	.	.	.	.	.	.	.	.	.	.	.	.	.	.	.	.	.	.	.	.	.	.	.	.	.	.	.	.	.	.	.	.	.	.	.	.	83.88	82.86	84.49	80.44	.	.	.	.	.	.	.
resources/abricate/vfdb/P3590_PCD_20052022-0.tsv	0	.	.	.	.	.	.	.	.	.	.	.	.	.	.	.	.	.	.	.	.	.	.	.	.	.	.	.	.	.	.	.	.	.	.	.	.	.	.	.	.	.	.	.	.	.	.	.	.	.	.	.	.	.	.	.	.	.
resources/abricate/vfdb/P3890_PCD_24082022-0.tsv	1	.	.	.	.	.	.	.	.	.	.	.	.	.	.	.	.	.	.	.	.	.	.	.	.	.	.	.	.	.	.	.	.	.	.	.	.	.	.	.	.	.	.	.	.	.	.	.	.	.	80.39	.	.	.	.	.	.	.
resources/abricate/vfdb/P4290_PCD_08032024-0.tsv	5	.	.	.	.	.	.	.	.	.	.	.	.	.	.	.	.	.	.	.	.	.	.	.	.	80.25	.	.	.	.	.	.	.	.	.	.	.	.	.	.	.	.	.	.	.	.	.	.	.	.	83.13	80.53	82.40	.	.	.	81.56	.
resources/abricate/vfdb/P4290_PCD_28112022-0.tsv	5	.	.	.	.	.	.	.	.	.	.	.	.	.	.	.	.	.	.	.	.	.	.	.	.	80.25	.	.	.	.	.	.	.	.	.	.	.	.	.	.	.	.	.	.	.	.	.	.	.	.	83.13	80.53	82.40	.	.	.	81.56	.
resources/abricate/vfdb/P5590_PCD_20032024-0.tsv	2	.	.	.	.	.	.	.	.	.	.	.	.	.	.	.	.	.	.	.	.	.	.	.	.	.	.	.	.	.	.	.	.	.	.	.	.	.	.	.	.	.	.	.	.	.	.	.	.	.	81.35	.	.	.	.	.	81.74	.
resources/abricate/vfdb/P5590_PCD_26072024-0.tsv	2	.	.	.	.	.	.	.	.	.	.	.	.	.	.	.	.	.	.	.	.	.	.	.	.	.	.	.	.	.	.	.	.	.	.	.	.	.	.	.	.	.	.	.	.	.	.	.	.	.	81.35	.	.	.	.	.	81.74	.
resources/abricate/vfdb/P5690_PCD_11062024-0.tsv	1	.	.	.	.	.	.	.	.	.	.	.	.	.	.	.	.	.	.	.	.	.	.	.	.	.	.	.	.	.	.	.	.	.	.	.	.	.	.	.	.	.	.	.	.	.	.	.	.	.	80.02	.	.	.	.	.	.	.
resources/abricate/vfdb/P5890_PCD_24062024-0.tsv	7	.	.	.	.	.	.	.	.	.	.	.	.	.	.	.	.	.	.	.	.	.	.	.	.	80.25	.	.	.	.	.	.	.	.	.	.	.	.	.	.	.	.	.	.	.	.	.	83.70	.	80.91	83.37	80.53	82.83	.	.	.	81.15	.
